experiment_id,machine_id,architecture,source_commit,config_sha256,dataset_manifest_sha256,randomization_seed,codec_executable_sha256,measurement_method,measurement_tool_sha256,split,codec,codec_config,profile,threads,dataset_id,row_scope,original_bytes,scheduled_trials,successful_trials,failed_trials,timeout_trials,unavailable_trials,measured_repetitions,close_delta_below_2_percent,protocol_repetitions_ok,roundtrip_all,deterministic_archive_all,status,confidence_status,archive_bytes_count,archive_bytes_mean,archive_bytes_median,archive_bytes_standard_deviation,archive_bytes_ci95_low,archive_bytes_ci95_high,ratio_count,ratio_mean,ratio_median,ratio_standard_deviation,ratio_ci95_low,ratio_ci95_high,bits_per_byte_median,compression_wall_ns_count,compression_wall_ns_mean,compression_wall_ns_median,compression_wall_ns_standard_deviation,compression_wall_ns_ci95_low,compression_wall_ns_ci95_high,compression_cpu_ns_count,compression_cpu_ns_mean,compression_cpu_ns_median,compression_cpu_ns_standard_deviation,compression_cpu_ns_ci95_low,compression_cpu_ns_ci95_high,decompression_wall_ns_count,decompression_wall_ns_mean,decompression_wall_ns_median,decompression_wall_ns_standard_deviation,decompression_wall_ns_ci95_low,decompression_wall_ns_ci95_high,decompression_cpu_ns_count,decompression_cpu_ns_mean,decompression_cpu_ns_median,decompression_cpu_ns_standard_deviation,decompression_cpu_ns_ci95_low,decompression_cpu_ns_ci95_high,peak_rss_bytes_count,peak_rss_bytes_mean,peak_rss_bytes_median,peak_rss_bytes_standard_deviation,peak_rss_bytes_ci95_low,peak_rss_bytes_ci95_high,compression_peak_rss_bytes_count,compression_peak_rss_bytes_mean,compression_peak_rss_bytes_median,compression_peak_rss_bytes_standard_deviation,compression_peak_rss_bytes_ci95_low,compression_peak_rss_bytes_ci95_high,decompression_peak_rss_bytes_count,decompression_peak_rss_bytes_mean,decompression_peak_rss_bytes_median,decompression_peak_rss_bytes_standard_deviation,decompression_peak_rss_bytes_ci95_low,decompression_peak_rss_bytes_ci95_high,energy_uj_count,energy_uj_mean,energy_uj_median,energy_uj_standard_deviation,energy_uj_ci95_low,energy_uj_ci95_high,compression_mbps_count,compression_mbps_mean,compression_mbps_median,compression_mbps_standard_deviation,compression_mbps_ci95_low,compression_mbps_ci95_high,decompression_mbps_count,decompression_mbps_mean,decompression_mbps_median,decompression_mbps_standard_deviation,decompression_mbps_ci95_low,decompression_mbps_ci95_high,bootstrap_ratio_ci95_low,bootstrap_ratio_ci95_high,bootstrap_compression_mbps_ci95_low,bootstrap_compression_mbps_ci95_high,bootstrap_decompression_mbps_ci95_low,bootstrap_decompression_mbps_ci95_high,bootstrap_replicates,bootstrap_seed
development-pilot-v3-current,local-x86-64,x86_64,36f84685dc00064dae9a239face7e8eff797ed28,1bd3a8a1a914bf55087f30b641adcacaac8d04f2cc5a9c21f3668bf2f6727da6,88ed376ce82fbd9301fe2fce71dd0e3a4af5f837450b50b8489d678b19d5fca7,1297748005,b5b163eb273291934556377ab883b4b2a5d4da50bd0dc0a91774ecc234ccd8d0,gnu-time-v1-monotonic-wall,3b11dec50514a8473e9f6efa7a34d584d0657538c09988f61b72d38ad4991a10,development,xz-9e,xz-9e,,1,dev-canterbury-alice29-txt,file,152089,10,10,0,0,0,10,false,true,true,true,complete,confirmed,10,48528,48528,0,48528,48528,10,3.1340463237718432,3.1340463237718432,0,3.1340463237718432,3.1340463237718432,2.5526106424527746,10,166579351.69999999,165951234.5,1345665.2361149236,165616787.65876085,167541915.74123913,10,135000000,130000000,7071067.811865475,129942014.23489548,140057985.76510453,10,17024126.300000001,17368400.5,1901678.2533609651,15663842.140489018,18384410.459510986,10,0,0,0,0,0,10,30437785.600000001,30449664,41162.026219428131,30408342.10600163,30467229.093998373,10,30437785.600000001,30449664,41162.026219428131,30408342.10600163,30467229.093998373,10,2014412.8,2015232,1727.0252394732909,2013177.4464,2015648.1536000001,,,,,,,10,0.91306552141299024,0.91646881275395331,0.0073180321227384751,0.90783088029651315,0.91830016252946733,10,9.0646789854187801,8.7574061000427825,1.3127356125925953,8.1256697412000598,10.0036882296375,,,,,,,,
development-pilot-v3-current,local-x86-64,x86_64,36f84685dc00064dae9a239face7e8eff797ed28,1bd3a8a1a914bf55087f30b641adcacaac8d04f2cc5a9c21f3668bf2f6727da6,88ed376ce82fbd9301fe2fce71dd0e3a4af5f837450b50b8489d678b19d5fca7,1297748005,b5b163eb273291934556377ab883b4b2a5d4da50bd0dc0a91774ecc234ccd8d0,gnu-time-v1-monotonic-wall,3b11dec50514a8473e9f6efa7a34d584d0657538c09988f61b72d38ad4991a10,development,xz-9e,xz-9e,,1,dev-canterbury-kennedy-xls,file,1029744,10,10,0,0,0,10,false,true,true,true,complete,confirmed,10,51868,51868,0,51868,51868,10,19.853165728387445,19.853165728387445,0,19.853165728387445,19.853165728387445,0.40295840519585452,10,1993932161.3,2003741498.5,80526904.319540709,1936330686.3045683,2051533636.2954316,10,1962000000,1970000000,82838531.024048358,1902745001.7635643,2021254998.2364357,10,33637987.799999997,33407674,618015.24246121955,33195917.043198444,34080058.55680155,10,7000000,10000000,4830458.9153964799,3544737.9260032964,10455262.073996704,10,35279667.200000003,35307520,83782.976638455613,35219736.633009218,35339597.766990788,10,35279667.200000003,35307520,83782.976638455613,35219736.633009218,35339597.766990788,10,2930688,2932736,3480.9306546126745,2928198.0652166279,2933177.9347833721,,,,,,,10,0.51721886638103753,0.51397583311807105,0.021497767544107555,0.50184135832812926,0.53259637443394581,10,30.621693457608252,30.82357667987014,0.55404540414491843,30.225380787167708,31.018006128048796,,,,,,,,
development-pilot-v3-current,local-x86-64,x86_64,36f84685dc00064dae9a239face7e8eff797ed28,1bd3a8a1a914bf55087f30b641adcacaac8d04f2cc5a9c21f3668bf2f6727da6,88ed376ce82fbd9301fe2fce71dd0e3a4af5f837450b50b8489d678b19d5fca7,1297748005,b5b163eb273291934556377ab883b4b2a5d4da50bd0dc0a91774ecc234ccd8d0,gnu-time-v1-monotonic-wall,3b11dec50514a8473e9f6efa7a34d584d0657538c09988f61b72d38ad4991a10,development,xz-9e,xz-9e,,1,dev-silesia-x-ray,file,8474240,10,10,0,0,0,10,false,true,true,true,complete,confirmed,10,4491264,4491264,0,4491264,4491264,10,1.8868274053807572,1.886827405380757,0,1.8868274053807572,1.8868274053807572,4.2399214560833771,10,6380624509.1000004,6382294090,118697732.27821606,6295719165.7788734,6465529852.4211273,10,6331000000,6315000000,122061004.78403775,6243688883.6172619,6418311116.3827381,10,523910034.10000002,519022988,16171929.665248847,512342136.26371545,535477931.9362846,10,490000000,485000000,24037008.503093261,472806154.58950502,507193845.41049498,10,145988403.19999999,146057216,100294.86264543497,145916661.5619517,146060144.83804828,10,145988403.19999999,146057216,100294.86264543497,145916661.5619517,146060144.83804828,10,10278502.4,10272768,21081.029635406543,10263422.987576503,10293581.812423497,,,,,,,10,1.3285351813782291,1.3277819168518881,0.02475494218707075,1.3108277928296308,1.3462425699268274,10,16.187893086967588,16.327298022718587,0.46445757048549291,15.855663239578966,16.520122934356209,,,,,,,,
development-pilot-v3-current,local-x86-64,x86_64,36f84685dc00064dae9a239face7e8eff797ed28,1bd3a8a1a914bf55087f30b641adcacaac8d04f2cc5a9c21f3668bf2f6727da6,88ed376ce82fbd9301fe2fce71dd0e3a4af5f837450b50b8489d678b19d5fca7,1297748005,b5b163eb273291934556377ab883b4b2a5d4da50bd0dc0a91774ecc234ccd8d0,gnu-time-v1-monotonic-wall,3b11dec50514a8473e9f6efa7a34d584d0657538c09988f61b72d38ad4991a10,development,xz-9e,xz-9e,,1,dev-synthetic-constant-00,file,65536,10,10,0,0,0,10,true,true,true,true,complete,confirmed,10,140,140,0,140,140,10,468.1142857142857,468.1142857142857,0,468.1142857142857,468.1142857142857,0.01708984375,10,15921633.800000001,16906783.5,2666439.1996090049,14014310.624212073,17828956.975787926,10,0,0,0,0,0,10,8969739.1999999993,8980777.5,984742.17617729772,8265346.0246093087,9674132.3753906898,10,0,0,0,0,0,10,2782412.7999999998,2793472,41053.191763315503,2753047.156072428,2811778.4439275716,10,2782412.7999999998,2793472,41053.191763315503,2753047.156072428,2811778.4439275716,10,1883340.8,1884160,1727.0252394732909,1882105.4464,1884576.1536000001,,,,,,,10,4.2541749400420095,3.8763542545327976,0.91865175420673817,3.5970567197826928,4.9112931603013266,10,7.3982620162549937,7.297580976620595,0.94445723705244355,6.7226849481429944,8.0738390843669929,,,,,,,,
development-pilot-v3-current,local-x86-64,x86_64,36f84685dc00064dae9a239face7e8eff797ed28,1bd3a8a1a914bf55087f30b641adcacaac8d04f2cc5a9c21f3668bf2f6727da6,88ed376ce82fbd9301fe2fce71dd0e3a4af5f837450b50b8489d678b19d5fca7,1297748005,b5b163eb273291934556377ab883b4b2a5d4da50bd0dc0a91774ecc234ccd8d0,gnu-time-v1-monotonic-wall,3b11dec50514a8473e9f6efa7a34d584d0657538c09988f61b72d38ad4991a10,development,xz-9e,xz-9e,,1,dev-synthetic-lfsr8,file,65536,10,10,0,0,0,10,true,true,true,true,complete,confirmed,10,412,412,0,412,412,10,159.06796116504853,159.06796116504853,0,159.06796116504853,159.06796116504853,0.05029296875,10,17766288.5,17686945.5,801553.99120572861,17192931.153507277,18339645.846492723,10,0,0,0,0,0,10,8765642.9000000004,8928898,729768.73929583561,8243634.0615353584,9287651.7384646423,10,0,0,0,0,0,10,3977625.6000000001,3981312,5270.2574088516358,3973855.7468941258,3981395.4531058744,10,3977625.6000000001,3981312,5270.2574088516358,3973855.7468941258,3981395.4531058744,10,1882931.2,1884160,2764.5892923824244,1880953.66935551,1884908.7306444899,,,,,,,10,3.6954609915857319,3.7054221782883507,0.1645117887365169,3.5777845235104437,3.8131374596610201,10,7.5352321825063413,7.3397702315697266,0.78516292765341522,6.9735994818985594,8.0968648831141241,,,,,,,,
development-pilot-v3-current,local-x86-64,x86_64,36f84685dc00064dae9a239face7e8eff797ed28,1bd3a8a1a914bf55087f30b641adcacaac8d04f2cc5a9c21f3668bf2f6727da6,88ed376ce82fbd9301fe2fce71dd0e3a4af5f837450b50b8489d678b19d5fca7,1297748005,b5b163eb273291934556377ab883b4b2a5d4da50bd0dc0a91774ecc234ccd8d0,gnu-time-v1-monotonic-wall,3b11dec50514a8473e9f6efa7a34d584d0657538c09988f61b72d38ad4991a10,development,xz-9e,xz-9e,,1,dev-synthetic-linear,file,65536,10,10,0,0,0,10,true,true,true,true,complete,confirmed,10,384,384,0,384,384,10,170.66666666666666,170.66666666666666,0,170.66666666666666,170.66666666666666,0.046875,10,17587038.300000001,16961186,1488937.7188519374,16521990.419332953,18652086.18066705,10,0,0,0,0,0,10,9081848.5,8807176,508429.08620710211,8718165.5105248671,9445531.4894751329,10,0,0,0,0,0,10,3846553.6000000001,3848192,4903.8090229262943,3843045.870065473,3850061.3299345272,10,3846553.6000000001,3848192,4903.8090229262943,3843045.870065473,3850061.3299345272,10,1881702.3999999999,1882112,2863.9473614032936,1879653.7978126926,1883751.0021873072,,,,,,,10,3.7467234156408589,3.8638980081119128,0.26739650359371553,3.5554527695658464,3.9379940617158713,10,7.2355543705714096,7.4412223403030859,0.38534958905730715,6.9599110324082405,7.5111977087345787,,,,,,,,
development-pilot-v3-current,local-x86-64,x86_64,36f84685dc00064dae9a239face7e8eff797ed28,1bd3a8a1a914bf55087f30b641adcacaac8d04f2cc5a9c21f3668bf2f6727da6,88ed376ce82fbd9301fe2fce71dd0e3a4af5f837450b50b8489d678b19d5fca7,1297748005,b5b163eb273291934556377ab883b4b2a5d4da50bd0dc0a91774ecc234ccd8d0,gnu-time-v1-monotonic-wall,3b11dec50514a8473e9f6efa7a34d584d0657538c09988f61b72d38ad4991a10,development,xz-9e,xz-9e,,1,dev-synthetic-periodic,file,65536,10,10,0,0,0,10,true,true,true,true,complete,confirmed,10,148,148,0,148,148,10,442.81081081081084,442.81081081081084,0,442.81081081081084,442.81081081081084,0.01806640625,10,16140142,17005270,2475384.0531509449,14369481.947356395,17910802.052643605,10,0,0,0,0,0,10,9010165.8000000007,8980867,1288457.5405883838,8088522.8356514061,9931808.7643485963,10,0,0,0,0,0,10,2799616,2801664,3980.596493547725,2796768.6506410809,2802463.3493589191,10,2799616,2801664,3980.596493547725,2796768.6506410809,2802463.3493589191,10,1883340.8,1884160,2590.5378592099364,1881487.7696,1885193.8304000001,,,,,,,10,4.1708243687730615,3.8538642848261793,0.80191263220846676,3.5972104837864514,4.7444382537596717,10,7.4447767508575655,7.2975971206345278,1.3605390160770989,6.471573387620154,8.417980114094977,,,,,,,,
development-pilot-v3-current,local-x86-64,x86_64,36f84685dc00064dae9a239face7e8eff797ed28,1bd3a8a1a914bf55087f30b641adcacaac8d04f2cc5a9c21f3668bf2f6727da6,88ed376ce82fbd9301fe2fce71dd0e3a4af5f837450b50b8489d678b19d5fca7,1297748005,b5b163eb273291934556377ab883b4b2a5d4da50bd0dc0a91774ecc234ccd8d0,gnu-time-v1-monotonic-wall,3b11dec50514a8473e9f6efa7a34d584d0657538c09988f61b72d38ad4991a10,development,xz-9e,xz-9e,,1,dev-synthetic-piecewise-mixed,file,65536,10,10,0,0,0,10,false,true,true,true,complete,confirmed,10,12424,12424,0,12424,12424,10,5.2749517063747584,5.2749517063747584,0,5.2749517063747584,5.2749517063747584,1.5166015625,10,126924638.8,117438532,21187471.210842684,111769087.95049797,142080189.64950201,10,99000000,100000000,3162277.6601683795,96738000,101262000,10,10555232.9,9463754,2504295.3636660376,8763892.3785889391,12346573.421411062,10,0,0,0,0,0,10,38449971.200000003,38453248,4650.1577703223029,38446644.908634461,38453297.491365544,10,38449971.200000003,38453248,4650.1577703223029,38446644.908634461,38453297.491365544,10,1882931.2,1884160,2764.5892923824244,1880953.66935551,1884908.7306444899,,,,,,,10,0.52703438057265006,0.55804535449707227,0.071222140822678623,0.4760886699634429,0.57798009118185723,10,6.4423476742081007,6.928430872346885,1.1154455638327456,5.6444614236834321,7.2402339247327694,,,,,,,,
development-pilot-v3-current,local-x86-64,x86_64,36f84685dc00064dae9a239face7e8eff797ed28,1bd3a8a1a914bf55087f30b641adcacaac8d04f2cc5a9c21f3668bf2f6727da6,88ed376ce82fbd9301fe2fce71dd0e3a4af5f837450b50b8489d678b19d5fca7,1297748005,b5b163eb273291934556377ab883b4b2a5d4da50bd0dc0a91774ecc234ccd8d0,gnu-time-v1-monotonic-wall,3b11dec50514a8473e9f6efa7a34d584d0657538c09988f61b72d38ad4991a10,development,xz-9e,xz-9e,,1,dev-synthetic-polynomial-d2,file,65536,10,10,0,0,0,10,true,true,true,true,complete,confirmed,10,412,412,0,412,412,10,159.06796116504853,159.06796116504853,0,159.06796116504853,159.06796116504853,0.05029296875,10,17084457.899999999,16994253.5,418579.2266256705,16785045.162607148,17383870.637392849,10,0,0,0,0,0,10,8964785.1999999993,9002876,843571.38252666895,8361372.5106874099,9568197.8893125895,10,0,0,0,0,0,10,3963699.2000000002,3977216,40273.861997302643,3934891.0162704764,3992507.383729524,10,3963699.2000000002,3977216,40273.861997302643,3934891.0162704764,3992507.383729524,10,1882521.6000000001,1884160,2115.1653048087442,1881008.6070140449,1884034.5929859553,,,,,,,10,3.8379851091467989,3.8563781643848745,0.090003057874277315,3.773605273221583,3.9023649450720148,10,7.3737120178349853,7.2798922744205772,0.75823169261162382,6.8313434237387387,7.9160806119312319,,,,,,,,
development-pilot-v3-current,local-x86-64,x86_64,36f84685dc00064dae9a239face7e8eff797ed28,1bd3a8a1a914bf55087f30b641adcacaac8d04f2cc5a9c21f3668bf2f6727da6,88ed376ce82fbd9301fe2fce71dd0e3a4af5f837450b50b8489d678b19d5fca7,1297748005,b5b163eb273291934556377ab883b4b2a5d4da50bd0dc0a91774ecc234ccd8d0,gnu-time-v1-monotonic-wall,3b11dec50514a8473e9f6efa7a34d584d0657538c09988f61b72d38ad4991a10,development,xz-9e,xz-9e,,1,dev-synthetic-recurrence,file,65536,10,10,0,0,0,10,true,true,true,true,complete,confirmed,10,544,544,0,544,544,10,120.47058823529412,120.47058823529412,0,120.47058823529412,120.47058823529412,0.06640625,10,17648205.699999999,17152699.5,928532.94194863597,16984019.394937851,18312392.005062148,10,0,0,0,0,0,10,9116012.3000000007,8809027.5,1177517.1876463017,8273725.7696280563,9958298.8303719442,10,0,0,0,0,0,10,4502732.7999999998,4505600,6121.202147726648,4498354.2599898791,4507111.3400101205,10,4502732.7999999998,4505600,6121.202147726648,4498354.2599898791,4507111.3400101205,10,1880064,1882112,5792.6187514801977,1875920.4980612264,1884207.5019387736,,,,,,,10,3.7224632850092272,3.8209306856613185,0.19008419755631228,3.5864946886116913,3.8584318814067631,10,7.2731557249019421,7.4398991923136037,0.72542764287741501,6.754252103990507,7.7920593458133771,,,,,,,,
development-pilot-v3-current,local-x86-64,x86_64,36f84685dc00064dae9a239face7e8eff797ed28,1bd3a8a1a914bf55087f30b641adcacaac8d04f2cc5a9c21f3668bf2f6727da6,88ed376ce82fbd9301fe2fce71dd0e3a4af5f837450b50b8489d678b19d5fca7,1297748005,b5b163eb273291934556377ab883b4b2a5d4da50bd0dc0a91774ecc234ccd8d0,gnu-time-v1-monotonic-wall,3b11dec50514a8473e9f6efa7a34d584d0657538c09988f61b72d38ad4991a10,development,xz-9e,xz-9e,,1,__aggregate__,corpus,10114825,100,100,0,0,0,10,false,true,true,true,complete,confirmed,10,4606124,4606124,0,4606124,4606124,10,2.1959515201935509,2.1959515201935509,0,2.1959515201935509,2.1959515201935509,3.6430676754170239,10,8770208427.1000004,8772098738,154365160.660337,8659789915.2116127,8880626938.9883881,10,8527000000,8525000000,159725458.90440327,8412747228.1474104,8641252771.8525906,10,639035575,635505447.5,17022155.196080338,626859504.71416569,651211645.28583431,10,497000000,490000000,23593784.492248517,480123195.91865808,513876804.08134192,10,145988403.19999999,146057216,100294.86264543497,145916661.5619517,146060144.83804828,10,145988403.19999999,146057216,100294.86264543497,145916661.5619517,146060144.83804828,10,10278502.4,10272768,21081.029635406543,10263422.987576503,10293581.812423497,,,,,,,10,1.1536442729335015,1.1530678904409948,0.020706108662733362,1.138833044183712,1.1684555016832909,10,15.837793359867893,15.916192021289007,0.3974795143572335,15.553473398720589,16.122113321015199,1.9200498745204104,24.455542609232804,0.57870748409296868,1.7704624192127507,7.3446375307118288,21.015297703134319,10000,1297748005
development-pilot-v3-current,local-x86-64,x86_64,36f84685dc00064dae9a239face7e8eff797ed28,56c1b7390551d55bb056da7122b41ac3f7e4459570e4627ac278f7c91d669491,88ed376ce82fbd9301fe2fce71dd0e3a4af5f837450b50b8489d678b19d5fca7,1297748005,87c0d5d060fd36c685b98a38611b7bd6c4614d40b36d29be84edcd6c173f8160,gnu-time-v1-monotonic-wall,3b11dec50514a8473e9f6efa7a34d584d0657538c09988f61b72d38ad4991a10,development,lz4,lz4,,1,dev-canterbury-alice29-txt,file,152089,10,10,0,0,0,10,true,true,true,true,complete,confirmed,10,88718,88718,0,88718,88718,10,1.7142969859554995,1.7142969859554995,0,1.7142969859554995,1.7142969859554995,4.6666359828784465,10,9476385.3000000007,9195180,720254.73128825903,8961181.9000280667,9991588.6999719348,10,0,0,0,0,0,10,9422014.4000000004,8857504.5,947679.83258531638,8744132.1860789601,10099896.613921041,10,0,0,0,0,0,10,1866137.6000000001,1871872,8460.6612192349767,1860085.6280561795,1872189.5719438207,10,1734246.3999999999,1736704,5529.1785847648489,1730291.3387110198,1738201.46128898,10,1866137.6000000001,1871872,8460.6612192349767,1860085.6280561795,1872189.5719438207,,,,,,,10,16.127982786883738,16.547949687825199,1.1528833111254715,15.303317045916843,16.952648527850634,10,16.27909050470506,17.170896079629692,1.5196021316784272,15.192108148553078,17.366072860857042,,,,,,,,
development-pilot-v3-current,local-x86-64,x86_64,36f84685dc00064dae9a239face7e8eff797ed28,56c1b7390551d55bb056da7122b41ac3f7e4459570e4627ac278f7c91d669491,88ed376ce82fbd9301fe2fce71dd0e3a4af5f837450b50b8489d678b19d5fca7,1297748005,87c0d5d060fd36c685b98a38611b7bd6c4614d40b36d29be84edcd6c173f8160,gnu-time-v1-monotonic-wall,3b11dec50514a8473e9f6efa7a34d584d0657538c09988f61b72d38ad4991a10,development,lz4,lz4,,1,dev-canterbury-kennedy-xls,file,1029744,10,10,0,0,0,10,true,true,true,true,complete,confirmed,10,374723,374723,0,374723,374723,10,2.7480138662425313,2.7480138662425313,0,2.7480138662425313,2.7480138662425313,2.9111934616759116,10,16444400.6,17172641.5,2546375.0302731311,14622960.189808086,18265841.010191914,10,0,0,0,0,0,10,16535499.5,17101394,2377139.1033512088,14835114.767972982,18235884.232027017,10,0,0,0,0,0,10,3035136,3035136,16154.841861050685,3023580.3251932054,3046691.6748067946,10,2891776,2881536,21673.994740241127,2876272.4353636755,2907279.5646363245,10,3035136,3035136,16154.841861050685,3023580.3251932054,3046691.6748067946,,,,,,,10,64.340593036527494,59.964223616257954,12.41564456715237,55.459593001444148,73.22159307161084,10,64.093107993136726,60.214076795613423,14.108374603095317,54.001285964294908,74.184930021978545,,,,,,,,
development-pilot-v3-current,local-x86-64,x86_64,36f84685dc00064dae9a239face7e8eff797ed28,56c1b7390551d55bb056da7122b41ac3f7e4459570e4627ac278f7c91d669491,88ed376ce82fbd9301fe2fce71dd0e3a4af5f837450b50b8489d678b19d5fca7,1297748005,87c0d5d060fd36c685b98a38611b7bd6c4614d40b36d29be84edcd6c173f8160,gnu-time-v1-monotonic-wall,3b11dec50514a8473e9f6efa7a34d584d0657538c09988f61b72d38ad4991a10,development,lz4,lz4,,1,dev-silesia-x-ray,file,8474240,10,10,0,0,0,10,true,true,true,true,complete,confirmed,10,8406634,8406634,0,8406634,8406634,10,1.0080419820822459,1.0080419820822459,0,1.0080419820822459,1.0080419820822459,7.9361774035193715,10,66725785.100000001,67145724,1137039.4307851959,65912452.600823075,67539117.599176928,10,29000000,30000000,3162277.6601683795,26738000,31262000,10,66233661.600000001,65930215,1096748.3538734145,65449149.59850499,67018173.601495013,10,28000000,30000000,4216370.2135578394,24984000,31016000,10,9981132.8000000007,9986048,18997.277634206199,9967543.9104000013,9994721.6896000002,10,9846784,9850880,21587.815493416136,9831342.0800000001,9862225.9199999999,10,9981132.8000000007,9986048,18997.277634206199,9967543.9104000013,9994721.6896000002,,,,,,,10,127.03434590523463,126.20682375509367,2.1758238460799944,125.47796342755844,128.59072838291084,10,127.97574613636985,128.5375978860319,2.0894814359577638,126.48112500690053,129.47036726583917,,,,,,,,
development-pilot-v3-current,local-x86-64,x86_64,36f84685dc00064dae9a239face7e8eff797ed28,56c1b7390551d55bb056da7122b41ac3f7e4459570e4627ac278f7c91d669491,88ed376ce82fbd9301fe2fce71dd0e3a4af5f837450b50b8489d678b19d5fca7,1297748005,87c0d5d060fd36c685b98a38611b7bd6c4614d40b36d29be84edcd6c173f8160,gnu-time-v1-monotonic-wall,3b11dec50514a8473e9f6efa7a34d584d0657538c09988f61b72d38ad4991a10,development,lz4,lz4,,1,dev-synthetic-constant-00,file,65536,10,10,0,0,0,10,true,true,true,true,complete,confirmed,10,286,286,0,286,286,10,229.14685314685318,229.14685314685315,0,229.14685314685318,229.14685314685318,0.034912109375,10,8683391.0999999996,8823374,798385.8748426867,8112299.9299735203,9254482.2700264789,10,0,0,0,0,0,10,8526362.3000000007,8746667.5,1133605.8831496802,7715485.8421914093,9337238.7578085922,10,0,0,0,0,0,10,1740800,1740800,0,1740800,1740800,10,1740390.3999999999,1740800,1295.2689296049682,1739463.8847999999,1741316.9151999999,10,1739571.2,1740800,2764.5892923824244,1737593.66935551,1741548.7306444899,,,,,,,10,7.6186443008736777,7.4275801791820619,0.8667957803760622,6.9986190324074506,8.2386695693399048,10,7.8643422730563248,7.4928836447126468,1.4986234264262268,6.7923661359591083,8.9363184101535413,,,,,,,,
development-pilot-v3-current,local-x86-64,x86_64,36f84685dc00064dae9a239face7e8eff797ed28,56c1b7390551d55bb056da7122b41ac3f7e4459570e4627ac278f7c91d669491,88ed376ce82fbd9301fe2fce71dd0e3a4af5f837450b50b8489d678b19d5fca7,1297748005,87c0d5d060fd36c685b98a38611b7bd6c4614d40b36d29be84edcd6c173f8160,gnu-time-v1-monotonic-wall,3b11dec50514a8473e9f6efa7a34d584d0657538c09988f61b72d38ad4991a10,development,lz4,lz4,,1,dev-synthetic-lfsr8,file,65536,10,10,0,0,0,10,true,true,true,true,complete,confirmed,10,540,540,0,540,540,10,121.36296296296295,121.36296296296297,0,121.36296296296295,121.36296296296295,0.06591796875,10,7866042.7000000002,8729033.5,1533984.0286691419,6768772.8692841101,8963312.5307158902,10,0,0,0,0,0,10,8150976.4000000004,8693699,1278148.8340031453,7236707.3277638927,9065245.472236108,10,0,0,0,0,0,10,1740800,1740800,0,1740800,1740800,10,1740800,1740800,0,1740800,1740800,10,1739980.8,1740800,2590.5378592099364,1738127.7696,1741833.8304000001,,,,,,,10,8.6900232571234071,7.5078717294942496,2.0480010403743907,7.2250733535528884,10.154973160693926,10,8.298942865482811,7.5383378904452591,1.848022489572702,6.9770390604921797,9.6208466704734423,,,,,,,,
development-pilot-v3-current,local-x86-64,x86_64,36f84685dc00064dae9a239face7e8eff797ed28,56c1b7390551d55bb056da7122b41ac3f7e4459570e4627ac278f7c91d669491,88ed376ce82fbd9301fe2fce71dd0e3a4af5f837450b50b8489d678b19d5fca7,1297748005,87c0d5d060fd36c685b98a38611b7bd6c4614d40b36d29be84edcd6c173f8160,gnu-time-v1-monotonic-wall,3b11dec50514a8473e9f6efa7a34d584d0657538c09988f61b72d38ad4991a10,development,lz4,lz4,,1,dev-synthetic-linear,file,65536,10,10,0,0,0,10,true,true,true,true,complete,confirmed,10,541,541,0,541,541,10,121.13863216266172,121.13863216266174,0,121.13863216266172,121.13863216266172,0.0660400390625,10,8782975.0999999996,8875591,578841.25581936922,8368925.7781597106,9197024.4218402877,10,0,0,0,0,0,10,8968447.5,8834160.5,550182.22368820675,8574898.1903810408,9361996.8096189592,10,0,0,0,0,0,10,1740800,1740800,0,1740800,1740800,10,1733836.8,1740800,20620.601806068717,1719086.7349210076,1748586.8650789924,10,1740800,1740800,0,1740800,1740800,,,,,,,10,7.4950902943290458,7.3842481016085024,0.56439513233075889,7.0913743887294727,7.898806199928619,10,7.3291482488602169,7.4184790979243047,0.39429274551371957,7.0471078064328605,7.6111886912875732,,,,,,,,
development-pilot-v3-current,local-x86-64,x86_64,36f84685dc00064dae9a239face7e8eff797ed28,56c1b7390551d55bb056da7122b41ac3f7e4459570e4627ac278f7c91d669491,88ed376ce82fbd9301fe2fce71dd0e3a4af5f837450b50b8489d678b19d5fca7,1297748005,87c0d5d060fd36c685b98a38611b7bd6c4614d40b36d29be84edcd6c173f8160,gnu-time-v1-monotonic-wall,3b11dec50514a8473e9f6efa7a34d584d0657538c09988f61b72d38ad4991a10,development,lz4,lz4,,1,dev-synthetic-periodic,file,65536,10,10,0,0,0,10,true,true,true,true,complete,confirmed,10,292,292,0,292,292,10,224.43835616438355,224.43835616438355,0,224.43835616438355,224.43835616438355,0.03564453125,10,8938218.3000000007,8825773.5,1176086.4085750247,8096955.2162089795,9779481.383791022,10,0,0,0,0,0,10,8551045.8000000007,8947016,1367535.2703103656,7572837.9656894179,9529253.6343105827,10,0,0,0,0,0,10,1740800,1740800,0,1740800,1740800,10,1733836.8,1740800,20620.601806068717,1719086.7349210076,1748586.8650789924,10,1740800,1740800,0,1740800,1740800,,,,,,,10,7.4485233295411835,7.4255334619611393,1.0115424459612614,6.7249597280317133,8.1720869310506536,10,7.9475448861868259,7.3249548165488623,1.988010460939253,6.5255066764221752,9.3695830959514765,,,,,,,,
development-pilot-v3-current,local-x86-64,x86_64,36f84685dc00064dae9a239face7e8eff797ed28,56c1b7390551d55bb056da7122b41ac3f7e4459570e4627ac278f7c91d669491,88ed376ce82fbd9301fe2fce71dd0e3a4af5f837450b50b8489d678b19d5fca7,1297748005,87c0d5d060fd36c685b98a38611b7bd6c4614d40b36d29be84edcd6c173f8160,gnu-time-v1-monotonic-wall,3b11dec50514a8473e9f6efa7a34d584d0657538c09988f61b72d38ad4991a10,development,lz4,lz4,,1,dev-synthetic-piecewise-mixed,file,65536,10,10,0,0,0,10,true,true,true,true,complete,confirmed,10,13134,13134,0,13134,13134,10,4.9897974722095322,4.9897974722095322,0,4.9897974722095322,4.9897974722095322,1.603271484375,10,8985014.4000000004,8896605.5,370585.79721036862,8719931.7085436098,9250097.0914563909,10,0,0,0,0,0,10,8321069.5999999996,8711770.5,1485084.4344579799,7258778.0014295308,9383361.1985704694,10,0,0,0,0,0,10,1740800,1740800,0,1740800,1740800,10,1739980.8,1740800,1727.0252394732909,1738745.4464,1741216.1536000001,10,1740390.3999999999,1740800,1295.2689296049682,1739463.8847999999,1741316.9151999999,,,,,,,10,7.3045184591616819,7.3664723495980606,0.28577065358646858,7.100104651179314,7.5089322671440497,10,8.1578109824776597,7.5227781093610293,1.7838233890954491,6.8818292567239965,9.4337927082313229,,,,,,,,
development-pilot-v3-current,local-x86-64,x86_64,36f84685dc00064dae9a239face7e8eff797ed28,56c1b7390551d55bb056da7122b41ac3f7e4459570e4627ac278f7c91d669491,88ed376ce82fbd9301fe2fce71dd0e3a4af5f837450b50b8489d678b19d5fca7,1297748005,87c0d5d060fd36c685b98a38611b7bd6c4614d40b36d29be84edcd6c173f8160,gnu-time-v1-monotonic-wall,3b11dec50514a8473e9f6efa7a34d584d0657538c09988f61b72d38ad4991a10,development,lz4,lz4,,1,dev-synthetic-polynomial-d2,file,65536,10,10,0,0,0,10,true,true,true,true,complete,confirmed,10,541,541,0,541,541,10,121.13863216266172,121.13863216266174,0,121.13863216266172,121.13863216266172,0.0660400390625,10,9012932.6999999993,8925377,897618.92623491527,8370859.4131668415,9655005.986833157,10,0,0,0,0,0,10,8195301.2000000002,8763772.5,1854648.7901906746,6868657.5544233732,9521944.8455766272,10,0,0,0,0,0,10,1740800,1740800,0,1740800,1740800,10,1740800,1740800,0,1740800,1740800,10,1734246.3999999999,1740800,20724.302873679491,1719422.1568,1749070.6431999998,,,,,,,10,7.3427454538331318,7.3427068498910986,0.80555210044432635,6.7665282309887456,7.9189626766775181,10,8.4518547915071487,7.4783667018809439,2.2988892600194375,6.8074427363408478,10.09626684667345,,,,,,,,
development-pilot-v3-current,local-x86-64,x86_64,36f84685dc00064dae9a239face7e8eff797ed28,56c1b7390551d55bb056da7122b41ac3f7e4459570e4627ac278f7c91d669491,88ed376ce82fbd9301fe2fce71dd0e3a4af5f837450b50b8489d678b19d5fca7,1297748005,87c0d5d060fd36c685b98a38611b7bd6c4614d40b36d29be84edcd6c173f8160,gnu-time-v1-monotonic-wall,3b11dec50514a8473e9f6efa7a34d584d0657538c09988f61b72d38ad4991a10,development,lz4,lz4,,1,dev-synthetic-recurrence,file,65536,10,10,0,0,0,10,true,true,true,true,complete,confirmed,10,670,670,0,670,670,10,97.814925373134329,97.814925373134329,0,97.814925373134329,97.814925373134329,0.081787109375,10,8297000.2999999998,8779118,1588193.8710497566,7160953.7783535542,9433046.8216464464,10,0,0,0,0,0,10,8330627,8734859.5,1911320.7772956956,6963445.4736274369,9697808.5263725631,10,0,0,0,0,0,10,1740800,1740800,0,1740800,1740800,10,1740390.3999999999,1740800,1295.2689296049682,1739463.8847999999,1741316.9151999999,10,1733836.8,1740800,20620.601806068717,1719086.7349210076,1748586.8650789924,,,,,,,10,8.1979471930279253,7.4650206895362921,1.752001922218051,6.9447275918603877,9.4511667941954638,10,8.3705156941962748,7.5028582928811769,2.5059363223283113,6.578001383228143,10.163030005164407,,,,,,,,
development-pilot-v3-current,local-x86-64,x86_64,36f84685dc00064dae9a239face7e8eff797ed28,56c1b7390551d55bb056da7122b41ac3f7e4459570e4627ac278f7c91d669491,88ed376ce82fbd9301fe2fce71dd0e3a4af5f837450b50b8489d678b19d5fca7,1297748005,87c0d5d060fd36c685b98a38611b7bd6c4614d40b36d29be84edcd6c173f8160,gnu-time-v1-monotonic-wall,3b11dec50514a8473e9f6efa7a34d584d0657538c09988f61b72d38ad4991a10,development,lz4,lz4,,1,__aggregate__,corpus,10114825,100,100,0,0,0,10,false,true,true,true,complete,confirmed,10,8886079,8886079,0,8886079,8886079,10,1.1382776362893015,1.1382776362893015,0,1.1382776362893015,1.1382776362893015,7.0281623260906638,10,153212145.59999999,153902968.5,5341235.3702986725,149391521.44678372,157032769.75321627,10,29000000,30000000,3162277.6601683795,26738000,31262000,10,151235005.30000001,151677702,5294675.1884974241,147447685.98037282,155022324.61962721,10,28000000,30000000,4216370.2135578394,24984000,31016000,10,9981132.8000000007,9986048,18997.277634206199,9967543.9104000013,9994721.6896000002,10,9846784,9850880,21587.815493416136,9831342.0800000001,9862225.9199999999,10,9981132.8000000007,9986048,18997.277634206199,9967543.9104000013,9994721.6896000002,,,,,,,10,66.092985280926627,65.723063612361727,2.3778713224754622,64.392076787283131,67.793893774570122,10,66.957024513891213,66.687201257535932,2.3982012120844858,65.241573903698352,68.672475124084073,1.0259280840849108,15.305766177276881,7.4446142161188096,99.267989557176051,8.3708001415644926,100.76831631913292,10000,1297748005
development-pilot-v3-current,local-x86-64,x86_64,36f84685dc00064dae9a239face7e8eff797ed28,8afdee0e1fe04f0a9c92a00ebbd438b50004de9dcdf47ce697a89ac0bdae40a5,88ed376ce82fbd9301fe2fce71dd0e3a4af5f837450b50b8489d678b19d5fca7,1297748005,7c5468b370f7c47eda07281e3437fafc568f95d10420051e3aa522709f9342c5,gnu-time-v1-monotonic-wall,3b11dec50514a8473e9f6efa7a34d584d0657538c09988f61b72d38ad4991a10,development,zstd-default,zstd-default,,1,dev-canterbury-alice29-txt,file,152089,10,10,0,0,0,10,false,true,true,true,complete,confirmed,10,56999,56999,0,56999,56999,10,2.6682748820154738,2.6682748820154738,0,2.6682748820154738,2.6682748820154738,2.9981918481941494,10,16807585.199999999,16965828.5,2432204.7941111554,15067811.582528822,18547358.817471176,10,0,0,0,0,0,10,9400038.5999999996,9219342.5,806264.62675961561,8823311.7019473016,9976765.4980526976,10,0,0,0,0,0,10,3593420.7999999998,3586048,37790.394396224845,3566389.0585432081,3620452.5414567916,10,3593420.7999999998,3586048,37790.394396224845,3566389.0585432081,3620452.5414567916,10,2868428.7999999998,2836480,73043.419289564423,2816180.3157779668,2920677.2842220329,,,,,,,10,9.2745923921321509,8.964431938107186,1.774998635064255,8.0049230765346202,10.544261707729682,10,16.27279033907709,16.497506173045224,1.2113018910322737,15.406337366895922,17.139243311258259,,,,,,,,
development-pilot-v3-current,local-x86-64,x86_64,36f84685dc00064dae9a239face7e8eff797ed28,8afdee0e1fe04f0a9c92a00ebbd438b50004de9dcdf47ce697a89ac0bdae40a5,88ed376ce82fbd9301fe2fce71dd0e3a4af5f837450b50b8489d678b19d5fca7,1297748005,7c5468b370f7c47eda07281e3437fafc568f95d10420051e3aa522709f9342c5,gnu-time-v1-monotonic-wall,3b11dec50514a8473e9f6efa7a34d584d0657538c09988f61b72d38ad4991a10,development,zstd-default,zstd-default,,1,dev-canterbury-kennedy-xls,file,1029744,10,10,0,0,0,10,true,true,true,true,complete,confirmed,10,111746,111746,0,111746,111746,10,9.2150412542730837,9.2150412542730837,0,9.2150412542730837,9.2150412542730837,0.86814586926459392,10,30512739.600000001,33191651.5,6095497.7342928769,26152586.142053388,34872893.057946615,10,1000000,0,3162277.6601683795,-1262000,3262000,10,17122336.399999999,17110162,2188963.2839876101,15556555.187696103,18688117.612303894,10,0,0,0,0,0,10,5283430.4000000004,5287936,70825.145043895885,5232768.663332398,5334092.1366676027,10,5283430.4000000004,5287936,70825.145043895885,5232768.663332398,5334092.1366676027,10,3640115.2000000002,3612672,58088.475316728895,3598564.0949779814,3681666.305022019,,,,,,,10,35.531136952577555,31.024194070473811,9.9262937119650285,28.430787524289421,42.631486380865688,10,61.307971288201585,60.183750411013378,10.27327354375924,53.959424685641054,68.656517890762117,,,,,,,,
development-pilot-v3-current,local-x86-64,x86_64,36f84685dc00064dae9a239face7e8eff797ed28,8afdee0e1fe04f0a9c92a00ebbd438b50004de9dcdf47ce697a89ac0bdae40a5,88ed376ce82fbd9301fe2fce71dd0e3a4af5f837450b50b8489d678b19d5fca7,1297748005,7c5468b370f7c47eda07281e3437fafc568f95d10420051e3aa522709f9342c5,gnu-time-v1-monotonic-wall,3b11dec50514a8473e9f6efa7a34d584d0657538c09988f61b72d38ad4991a10,development,zstd-default,zstd-default,,1,dev-silesia-x-ray,file,8474240,10,10,0,0,0,10,true,true,true,true,complete,confirmed,10,6086279,6086279,0,6086279,6086279,10,1.3923515501014658,1.3923515501014658,0,1.3923515501014658,1.3923515501014658,5.7456753643984593,10,221775248.80000001,216413396,16190668.785871536,210193946.73568624,233356550.86431378,10,202000000,200000000,14757295.747452436,191444000,212556000,10,66227151.299999997,65778644,1113913.1494506751,65430361.19652652,67023941.403473474,10,38000000,40000000,4216370.2135578394,34984000,41016000,10,19234406.399999999,19240960,87369.599212133791,19171910.29603444,19296902.503965557,10,19234406.399999999,19240960,87369.599212133791,19171910.29603444,19296902.503965557,10,6329139.2000000002,6311936,269623.43260381999,6136275.615555184,6522002.7844448164,,,,,,,10,38.366540476829513,39.157797722449324,2.368549584221038,36.672299889738653,40.060781063920373,10,127.98922504935165,128.83032831392535,2.1165613958138643,126.4752334294393,129.50321666926399,,,,,,,,
development-pilot-v3-current,local-x86-64,x86_64,36f84685dc00064dae9a239face7e8eff797ed28,8afdee0e1fe04f0a9c92a00ebbd438b50004de9dcdf47ce697a89ac0bdae40a5,88ed376ce82fbd9301fe2fce71dd0e3a4af5f837450b50b8489d678b19d5fca7,1297748005,7c5468b370f7c47eda07281e3437fafc568f95d10420051e3aa522709f9342c5,gnu-time-v1-monotonic-wall,3b11dec50514a8473e9f6efa7a34d584d0657538c09988f61b72d38ad4991a10,development,zstd-default,zstd-default,,1,dev-synthetic-constant-00,file,65536,10,10,0,0,0,10,true,true,true,true,complete,confirmed,10,24,24,0,24,24,10,2730.6666666666665,2730.6666666666665,0,2730.6666666666665,2730.6666666666665,0.0029296875,10,9534590.4000000004,9080822.5,957557.8560532924,8849642.3647040688,10219538.435295932,10,0,0,0,0,0,10,9348941.8000000007,8922912.5,836842.92789557856,8750342.0227751862,9947541.5772248153,10,0,0,0,0,0,10,2947891.2000000002,2969600,38716.289115105603,2920197.1593781197,2975585.2406218806,10,2947891.2000000002,2969600,38716.289115105603,2920197.1593781197,2975585.2406218806,10,2752512,2721792,66017.784647606721,2705289.0028692121,2799734.9971307879,,,,,,,10,6.9313041295975593,7.2182816372264611,0.64079179654235419,6.4729411395172933,7.3896671196778252,10,7.0560151419603372,7.344702270136688,0.57266836064457138,6.6463813365249704,7.4656489473957039,,,,,,,,
development-pilot-v3-current,local-x86-64,x86_64,36f84685dc00064dae9a239face7e8eff797ed28,8afdee0e1fe04f0a9c92a00ebbd438b50004de9dcdf47ce697a89ac0bdae40a5,88ed376ce82fbd9301fe2fce71dd0e3a4af5f837450b50b8489d678b19d5fca7,1297748005,7c5468b370f7c47eda07281e3437fafc568f95d10420051e3aa522709f9342c5,gnu-time-v1-monotonic-wall,3b11dec50514a8473e9f6efa7a34d584d0657538c09988f61b72d38ad4991a10,development,zstd-default,zstd-default,,1,dev-synthetic-lfsr8,file,65536,10,10,0,0,0,10,true,true,true,true,complete,confirmed,10,279,279,0,279,279,10,234.89605734767025,234.89605734767025,0,234.89605734767025,234.89605734767025,0.0340576171875,10,10776502.9,8986311,3549280.810780731,8237676.7573397364,13315329.042660264,10,0,0,0,0,0,10,8919537.5999999996,8836093,772632.92023605166,8366867.7039982388,9472207.4960017595,10,0,0,0,0,0,10,2912665.6000000001,2928640,53490.756042931796,2874403.2767090499,2950927.9232909502,10,2912665.6000000001,2928640,53490.756042931796,2874403.2767090499,2950927.9232909502,10,2708684.7999999998,2725888,91773.355858392315,2643038.6571686869,2774330.9428313128,,,,,,,10,6.5414413656670067,7.2942751246392543,1.5670617759477412,5.4205107839403377,7.6623719473936758,10,7.3990347655338269,7.4168528754224106,0.66668687662082737,6.9221488380545768,7.875920693013077,,,,,,,,
development-pilot-v3-current,local-x86-64,x86_64,36f84685dc00064dae9a239face7e8eff797ed28,8afdee0e1fe04f0a9c92a00ebbd438b50004de9dcdf47ce697a89ac0bdae40a5,88ed376ce82fbd9301fe2fce71dd0e3a4af5f837450b50b8489d678b19d5fca7,1297748005,7c5468b370f7c47eda07281e3437fafc568f95d10420051e3aa522709f9342c5,gnu-time-v1-monotonic-wall,3b11dec50514a8473e9f6efa7a34d584d0657538c09988f61b72d38ad4991a10,development,zstd-default,zstd-default,,1,dev-synthetic-linear,file,65536,10,10,0,0,0,10,true,true,true,true,complete,confirmed,10,281,281,0,281,281,10,233.22419928825622,233.22419928825622,0,233.22419928825622,233.22419928825622,0.0343017578125,10,10525013.9,9239022,2717020.5914725149,8581509.4900856651,12468518.309914336,10,0,0,0,0,0,10,8868868.0999999996,8683111,1118268.4650276119,8068962.607906756,9668773.5920932423,10,0,0,0,0,0,10,2921676.7999999998,2928640,69109.33777846361,2872242.392634721,2971111.2073652786,10,2921676.7999999998,2928640,69109.33777846361,2872242.392634721,2971111.2073652786,10,2692710.3999999999,2693120,59394.353976339087,2650225.1905616466,2735195.6094383532,,,,,,,10,6.5197583581546583,7.1002480909268044,1.2851209917913371,5.6005020512061972,7.4390146651031195,10,7.5021920751672848,7.5475462623031504,1.0171126284670762,6.7746440819686029,8.2297400683659667,,,,,,,,
development-pilot-v3-current,local-x86-64,x86_64,36f84685dc00064dae9a239face7e8eff797ed28,8afdee0e1fe04f0a9c92a00ebbd438b50004de9dcdf47ce697a89ac0bdae40a5,88ed376ce82fbd9301fe2fce71dd0e3a4af5f837450b50b8489d678b19d5fca7,1297748005,7c5468b370f7c47eda07281e3437fafc568f95d10420051e3aa522709f9342c5,gnu-time-v1-monotonic-wall,3b11dec50514a8473e9f6efa7a34d584d0657538c09988f61b72d38ad4991a10,development,zstd-default,zstd-default,,1,dev-synthetic-periodic,file,65536,10,10,0,0,0,10,true,true,true,true,complete,confirmed,10,29,29,0,29,29,10,2259.8620689655172,2259.8620689655172,0,2259.8620689655172,2259.8620689655172,0.0035400390625,10,8965626,8902307.5,405317.94713752531,8675699.1513954829,9255552.8486045171,10,0,0,0,0,0,10,8800128,8819419.5,622639.42286562966,8354749.5336299529,9245506.466370048,10,0,0,0,0,0,10,2915532.7999999998,2920448,42863.639200505495,2884872.1299732001,2946193.4700267995,10,2915532.7999999998,2920448,42863.639200505495,2884872.1299732001,2946193.4700267995,10,2699673.6000000001,2723840,63731.969949155035,2654085.6625962639,2745261.5374037363,,,,,,,10,7.3221512116971583,7.3617571055742088,0.30650007621069908,7.102909498320324,7.5413929250739926,10,7.4848264591872695,7.4308812972986491,0.59426699494455981,7.0597429949815931,7.909909923392946,,,,,,,,
development-pilot-v3-current,local-x86-64,x86_64,36f84685dc00064dae9a239face7e8eff797ed28,8afdee0e1fe04f0a9c92a00ebbd438b50004de9dcdf47ce697a89ac0bdae40a5,88ed376ce82fbd9301fe2fce71dd0e3a4af5f837450b50b8489d678b19d5fca7,1297748005,7c5468b370f7c47eda07281e3437fafc568f95d10420051e3aa522709f9342c5,gnu-time-v1-monotonic-wall,3b11dec50514a8473e9f6efa7a34d584d0657538c09988f61b72d38ad4991a10,development,zstd-default,zstd-default,,1,dev-synthetic-piecewise-mixed,file,65536,10,10,0,0,0,10,true,true,true,true,complete,confirmed,10,12951,12951,0,12951,12951,10,5.0603042236120759,5.0603042236120759,0,5.0603042236120759,5.0603042236120759,1.5809326171875,10,9225917.9000000004,8949032,958709.21029307251,8540146.2927188538,9911689.5072811469,10,0,0,0,0,0,10,9178191.1999999993,8851531.5,891917.96496224916,8540195.8518504687,9816186.5481495298,10,0,0,0,0,0,10,2885222.3999999999,2863104,38239.084470676797,2857869.7072993643,2912575.0927006355,10,2881536,2863104,44504.421752850081,2849701.6663888311,2913370.3336111689,10,2718924.7999999998,2717696,122725.16467185259,2631138.605263087,2806710.9947369127,,,,,,,10,7.1594010748189927,7.3232782802655922,0.59910153563033974,6.7308594288195485,7.5879427208184369,10,7.1944069046078578,7.4039232008227742,0.61771997799628509,6.7525473526059638,7.6362664566097518,,,,,,,,
development-pilot-v3-current,local-x86-64,x86_64,36f84685dc00064dae9a239face7e8eff797ed28,8afdee0e1fe04f0a9c92a00ebbd438b50004de9dcdf47ce697a89ac0bdae40a5,88ed376ce82fbd9301fe2fce71dd0e3a4af5f837450b50b8489d678b19d5fca7,1297748005,7c5468b370f7c47eda07281e3437fafc568f95d10420051e3aa522709f9342c5,gnu-time-v1-monotonic-wall,3b11dec50514a8473e9f6efa7a34d584d0657538c09988f61b72d38ad4991a10,development,zstd-default,zstd-default,,1,dev-synthetic-polynomial-d2,file,65536,10,10,0,0,0,10,true,true,true,true,complete,confirmed,10,281,281,0,281,281,10,233.22419928825622,233.22419928825622,0,233.22419928825622,233.22419928825622,0.0343017578125,10,9723960.0999999996,9454778.5,1062024.0396122502,8964286.6507447567,10483633.549255243,10,0,0,0,0,0,10,9620278.6999999993,9035219.5,1113290.4047028092,8823934.0503326245,10416623.349667374,10,0,0,0,0,0,10,2927001.6000000001,2928640,71107.524745119474,2876137.8750970783,2977865.3249029219,10,2927001.6000000001,2928640,71107.524745119474,2876137.8750970783,2977865.3249029219,10,2673868.7999999998,2705408,115929.58421846715,2590943.5329353078,2756794.0670646918,,,,,,,10,6.8110181524009006,6.9480571707068357,0.72713872920293887,6.2908905791094814,7.3311457256923198,10,6.8842159564756953,7.2534020255414235,0.6945135162145496,6.3874254331559746,7.381006479795416,,,,,,,,
development-pilot-v3-current,local-x86-64,x86_64,36f84685dc00064dae9a239face7e8eff797ed28,8afdee0e1fe04f0a9c92a00ebbd438b50004de9dcdf47ce697a89ac0bdae40a5,88ed376ce82fbd9301fe2fce71dd0e3a4af5f837450b50b8489d678b19d5fca7,1297748005,7c5468b370f7c47eda07281e3437fafc568f95d10420051e3aa522709f9342c5,gnu-time-v1-monotonic-wall,3b11dec50514a8473e9f6efa7a34d584d0657538c09988f61b72d38ad4991a10,development,zstd-default,zstd-default,,1,dev-synthetic-recurrence,file,65536,10,10,0,0,0,10,true,true,true,true,complete,confirmed,10,409,409,0,409,409,10,160.23471882640587,160.23471882640587,0,160.23471882640587,160.23471882640587,0.0499267578125,10,9984877.5999999996,8979468,2454378.5331133874,8229242.947220373,11740512.252779625,10,0,0,0,0,0,10,9136305.5,8882382.5,766238.23506824556,8588209.7683835421,9684401.2316164579,10,0,0,0,0,0,10,2915532.7999999998,2920448,55386.106009038442,2875914.7192190182,2955150.8807809814,10,2913894.3999999999,2920448,57317.987750986358,2872894.4302864526,2954894.3697135472,10,2691072,2689024,115336.32625018402,2608571.0946354708,2773572.9053645292,,,,,,,10,6.8062219131210231,7.2984519328168709,1.1105979252399116,6.0118032134174317,7.6006406128246145,10,7.2130761071292699,7.3789188761469431,0.53032962730941391,6.8337275027723647,7.5924247114861751,,,,,,,,
development-pilot-v3-current,local-x86-64,x86_64,36f84685dc00064dae9a239face7e8eff797ed28,8afdee0e1fe04f0a9c92a00ebbd438b50004de9dcdf47ce697a89ac0bdae40a5,88ed376ce82fbd9301fe2fce71dd0e3a4af5f837450b50b8489d678b19d5fca7,1297748005,7c5468b370f7c47eda07281e3437fafc568f95d10420051e3aa522709f9342c5,gnu-time-v1-monotonic-wall,3b11dec50514a8473e9f6efa7a34d584d0657538c09988f61b72d38ad4991a10,development,zstd-default,zstd-default,,1,__aggregate__,corpus,10114825,100,100,0,0,0,10,true,true,true,true,complete,confirmed,10,6269278,6269278,0,6269278,6269278,10,1.6133955138055769,1.6133955138055769,0,1.6133955138055769,1.6133955138055769,4.9584865778696123,10,337832062.39999998,331828873.5,20891702.184838623,322888077.26632619,352776047.53367376,10,203000000,200000000,17669811.04093143,190360656.82086289,215639343.17913711,10,156621777.19999999,156168427.5,2500687.9339480344,154833017.09906399,158410537.30093598,10,38000000,40000000,4216370.2135578394,34984000,41016000,10,19234406.399999999,19240960,87369.599212133791,19171910.29603444,19296902.503965557,10,19234406.399999999,19240960,87369.599212133791,19171910.29603444,19296902.503965557,10,6329139.2000000002,6311936,269623.43260381999,6136275.615555184,6522002.7844448164,,,,,,,10,30.031857527678273,30.482054870869124,1.645632886376776,28.854724464420929,31.208990590935617,10,64.595999148732886,64.769210005997778,1.0287600416306073,63.860119676958568,65.331878620507212,1.4176604465200286,16.311833962277451,7.2634352582783768,36.417454923981566,7.4263056903461582,100.65735201624545,10000,1297748005
development-pilot-v3-current,local-x86-64,x86_64,36f84685dc00064dae9a239face7e8eff797ed28,ab1a6fea843e305b09fbe834657f0edbca10ba12baddfc940f90efa8ef5ce4f5,88ed376ce82fbd9301fe2fce71dd0e3a4af5f837450b50b8489d678b19d5fca7,1297748005,cf043a438526f9d43144bf55c5cbfb3b69a3a9c91333d3c91f35be3b5f922663,gnu-time-v1-monotonic-wall,3b11dec50514a8473e9f6efa7a34d584d0657538c09988f61b72d38ad4991a10,development,mathsvg,balanced-v1,balanced,1,dev-canterbury-alice29-txt,file,152089,10,10,0,0,0,10,false,true,true,true,complete,confirmed,10,73860,73860,0,73860,73860,10,2.0591524505821823,2.0591524505821823,0,2.0591524505821823,2.0591524505821823,3.8850935965125681,10,1177633020,1172135510,16162175.539638914,1166072099.3600595,1189193940.6399405,10,1131000000,1130000000,17919573.407620817,1118182000,1143818000,10,67367282.099999994,67432810,1747526.2033433593,66117264.012798823,68617300.187201172,10,30000000,30000000,0,30000000,30000000,10,6318080,6324224,54176.385376328348,6279327.241105726,6356832.758894274,10,6318080,6324224,54176.385376328348,6279327.241105726,6356832.758894274,10,3588505.6000000001,3581952,51682.871444136217,3551536.4695915049,3625474.7304084953,,,,,,,10,0.12916925244194741,0.12975376902872851,0.0017171471755852161,0.12794096469223509,0.13039754019165972,10,2.2589513577175095,2.2554154791675485,0.057517795843222745,2.2178084638356226,2.3000942515993965,,,,,,,,
development-pilot-v3-current,local-x86-64,x86_64,36f84685dc00064dae9a239face7e8eff797ed28,ab1a6fea843e305b09fbe834657f0edbca10ba12baddfc940f90efa8ef5ce4f5,88ed376ce82fbd9301fe2fce71dd0e3a4af5f837450b50b8489d678b19d5fca7,1297748005,cf043a438526f9d43144bf55c5cbfb3b69a3a9c91333d3c91f35be3b5f922663,gnu-time-v1-monotonic-wall,3b11dec50514a8473e9f6efa7a34d584d0657538c09988f61b72d38ad4991a10,development,mathsvg,balanced-v1,balanced,1,dev-canterbury-kennedy-xls,file,1029744,10,10,0,0,0,10,false,true,true,true,complete,confirmed,10,243978,243978,0,243978,243978,10,4.2206428448466662,4.2206428448466662,0,4.2206428448466662,4.2206428448466662,1.8954458583881042,10,1204063720.5999999,1220422613,22573942.174812771,1187916417.078048,1220211024.1219518,10,1166000000,1165000000,14298407.059684811,1155772246.385447,1176227753.614553,10,146912752.59999999,165621497,25013460.204416733,129020444.25052446,164805060.94947553,10,100000000,100000000,0,100000000,100000000,10,20588544,20611072,56632.538868274896,20548034.336812101,20629053.663187899,10,20588544,20611072,56632.538868274896,20548034.336812101,20629053.663187899,10,4777984,4784128,54587.727330519185,4738937.005241463,4817030.994758537,,,,,,,10,0.85549669675858531,0.84376035901535351,0.016171028355961629,0.8439294436353294,0.86706394988184121,10,7.2106989924497782,6.2174537795710059,1.3150255271103075,6.2700517558737436,8.1513462290258136,,,,,,,,
development-pilot-v3-current,local-x86-64,x86_64,36f84685dc00064dae9a239face7e8eff797ed28,ab1a6fea843e305b09fbe834657f0edbca10ba12baddfc940f90efa8ef5ce4f5,88ed376ce82fbd9301fe2fce71dd0e3a4af5f837450b50b8489d678b19d5fca7,1297748005,cf043a438526f9d43144bf55c5cbfb3b69a3a9c91333d3c91f35be3b5f922663,gnu-time-v1-monotonic-wall,3b11dec50514a8473e9f6efa7a34d584d0657538c09988f61b72d38ad4991a10,development,mathsvg,balanced-v1,balanced,1,dev-silesia-x-ray,file,8474240,10,10,0,0,0,10,false,true,true,true,complete,confirmed,10,6801499,6801499,0,6801499,6801499,10,1.2459371088637961,1.2459371088637961,0,1.2459371088637961,1.2459371088637961,6.4208698361150969,10,16489728148.200001,16486111730,50123102.194314703,16453874731.976738,16525581564.423264,10,16432000000,16430000000,42110964.526276685,16401877723.591999,16462122276.408001,10,2051432035.8,2032194586,34623219.973123156,2026665797.0330238,2076198274.5669761,10,2001000000,1990000000,26436506.745197803,1982089776.2043915,2019910223.7956085,10,26929971.199999999,26937344,47416.593693675539,26896053.768812321,26963888.631187677,10,26929971.199999999,26937344,47416.593693675539,26896053.768812321,26963888.631187677,10,7351091.2000000002,7350272,22931.910405468716,7334687.8392228801,7367494.5607771203,,,,,,,10,0.51391450502955838,0.51402323880520862,0.0015623712573024535,0.51279692960962198,0.51503208044949478,10,4.1319329713112367,4.1700013235370825,0.068672518189771201,4.0828110241457907,4.1810549184766828,,,,,,,,
development-pilot-v3-current,local-x86-64,x86_64,36f84685dc00064dae9a239face7e8eff797ed28,ab1a6fea843e305b09fbe834657f0edbca10ba12baddfc940f90efa8ef5ce4f5,88ed376ce82fbd9301fe2fce71dd0e3a4af5f837450b50b8489d678b19d5fca7,1297748005,cf043a438526f9d43144bf55c5cbfb3b69a3a9c91333d3c91f35be3b5f922663,gnu-time-v1-monotonic-wall,3b11dec50514a8473e9f6efa7a34d584d0657538c09988f61b72d38ad4991a10,development,mathsvg,balanced-v1,balanced,1,dev-synthetic-constant-00,file,65536,10,10,0,0,0,10,true,true,true,true,complete,confirmed,10,485,485,0,485,485,10,135.12577319587629,135.12577319587629,0,135.12577319587629,135.12577319587629,0.0592041015625,10,222391764.40000001,217211798.5,16310789.367522033,210724539.21795502,234058989.58204499,10,189000000,190000000,5676462.1219754666,184939585.73542058,193060414.26457942,10,10100083.9,9034448.5,2677469.99338901,8184870.3179252818,12015297.482074719,10,0,0,0,0,0,10,4632166.4000000004,4622336,30921.107653007661,4610048.3088557273,4654284.4911442734,10,4632166.4000000004,4622336,30921.107653007661,4610048.3088557273,4654284.4911442734,10,3190784,3170304,59607.394858169886,3148146.4008835452,3233421.5991164548,,,,,,,10,0.29589848858498158,0.3017150128523422,0.018354599745971412,0.282769311110042,0.30902766605992116,10,6.7737403364641269,7.2540144988159412,1.2076012971183101,5.9099344257787978,7.637546247149456,,,,,,,,
development-pilot-v3-current,local-x86-64,x86_64,36f84685dc00064dae9a239face7e8eff797ed28,ab1a6fea843e305b09fbe834657f0edbca10ba12baddfc940f90efa8ef5ce4f5,88ed376ce82fbd9301fe2fce71dd0e3a4af5f837450b50b8489d678b19d5fca7,1297748005,cf043a438526f9d43144bf55c5cbfb3b69a3a9c91333d3c91f35be3b5f922663,gnu-time-v1-monotonic-wall,3b11dec50514a8473e9f6efa7a34d584d0657538c09988f61b72d38ad4991a10,development,mathsvg,balanced-v1,balanced,1,dev-synthetic-lfsr8,file,65536,10,10,0,0,0,10,true,true,true,true,complete,confirmed,10,753,753,0,753,753,10,87.033200531208493,87.033200531208493,0,87.033200531208493,87.033200531208493,0.0919189453125,10,266865522.30000001,266364012.5,1345741.6560937732,265902903.59499925,267828141.00500077,10,232000000,230000000,6324555.3203367591,227476000,236524000,10,10428489.800000001,9026085.5,2742618.7707399009,8466674.827976536,12390304.772023465,10,0,0,0,0,0,10,4666572.7999999998,4675584,51884.463126793125,4629459.4696080834,4703686.1303919163,10,4666572.7999999998,4675584,51884.463126793125,4629459.4696080834,4703686.1303919163,10,3187916.7999999998,3188736,43778.045956087779,3156602.0482310494,3219231.5517689502,,,,,,,10,0.24558246918630547,0.24603926518801589,0.0012334507073562264,0.24470017300618724,0.2464647653664237,10,6.5805023414124282,7.2607786334514062,1.2673301508872636,5.6739719511764397,7.4870327316484167,,,,,,,,
development-pilot-v3-current,local-x86-64,x86_64,36f84685dc00064dae9a239face7e8eff797ed28,ab1a6fea843e305b09fbe834657f0edbca10ba12baddfc940f90efa8ef5ce4f5,88ed376ce82fbd9301fe2fce71dd0e3a4af5f837450b50b8489d678b19d5fca7,1297748005,cf043a438526f9d43144bf55c5cbfb3b69a3a9c91333d3c91f35be3b5f922663,gnu-time-v1-monotonic-wall,3b11dec50514a8473e9f6efa7a34d584d0657538c09988f61b72d38ad4991a10,development,mathsvg,balanced-v1,balanced,1,dev-synthetic-linear,file,65536,10,10,0,0,0,10,false,true,true,true,complete,confirmed,10,489,489,0,489,489,10,134.02044989775052,134.02044989775052,0,134.02044989775052,134.02044989775052,0.0596923828125,10,271813505.69999999,266354365,16452123.126342205,260045183.46171668,283581827.93828332,10,214000000,210000000,17763883.459298972,201293366.14205006,226706633.85794994,10,17288071.199999999,17085112,615607.11291136546,16847722.995620199,17728419.4043798,10,0,0,0,0,0,10,4680499.2000000002,4673536,42961.380023354825,4649768.6152582243,4711229.7847417761,10,4680499.2000000002,4673536,42961.380023354825,4649768.6152582243,4711229.7847417761,10,3183411.2000000002,3178496,72473.354338450954,3131570.4873458031,3235251.9126541973,,,,,,,10,0.24179825217524145,0.24604816699914517,0.01269929895675407,0.23271435211105537,0.2508821522394275,10,3.7948337519430444,3.8358583036532652,0.12521981255999998,3.7052631175934856,3.8844043862926032,,,,,,,,
development-pilot-v3-current,local-x86-64,x86_64,36f84685dc00064dae9a239face7e8eff797ed28,ab1a6fea843e305b09fbe834657f0edbca10ba12baddfc940f90efa8ef5ce4f5,88ed376ce82fbd9301fe2fce71dd0e3a4af5f837450b50b8489d678b19d5fca7,1297748005,cf043a438526f9d43144bf55c5cbfb3b69a3a9c91333d3c91f35be3b5f922663,gnu-time-v1-monotonic-wall,3b11dec50514a8473e9f6efa7a34d584d0657538c09988f61b72d38ad4991a10,development,mathsvg,balanced-v1,balanced,1,dev-synthetic-periodic,file,65536,10,10,0,0,0,10,false,true,true,true,complete,confirmed,10,494,494,0,494,494,10,132.66396761133603,132.66396761133603,0,132.66396761133603,132.66396761133603,0.060302734375,10,227279922.69999999,216917153.5,32618518.323819544,203947661.47011447,250612183.92988551,10,202000000,200000000,20976176.963403031,186995589.44843218,217004410.55156782,10,11852408.300000001,9279621.5,4122939.3527331133,8903240.068078924,14801576.531921078,10,0,0,0,0,0,10,4606361.5999999996,4620288,29925.415742772526,4584955.7344548004,4627767.4655451989,10,4606361.5999999996,4620288,29925.415742772526,4584955.7344548004,4627767.4655451989,10,3158425.6000000001,3139584,68768.629209675084,3109234.9039293705,3207616.2960706297,,,,,,,10,0.29232763707645837,0.30212528753660106,0.030804282730091059,0.27029311164147307,0.31436216251144367,10,6.0535137382028079,7.064589840922519,1.686878340412076,4.8468775044291608,7.2601499719764551,,,,,,,,
development-pilot-v3-current,local-x86-64,x86_64,36f84685dc00064dae9a239face7e8eff797ed28,ab1a6fea843e305b09fbe834657f0edbca10ba12baddfc940f90efa8ef5ce4f5,88ed376ce82fbd9301fe2fce71dd0e3a4af5f837450b50b8489d678b19d5fca7,1297748005,cf043a438526f9d43144bf55c5cbfb3b69a3a9c91333d3c91f35be3b5f922663,gnu-time-v1-monotonic-wall,3b11dec50514a8473e9f6efa7a34d584d0657538c09988f61b72d38ad4991a10,development,mathsvg,balanced-v1,balanced,1,dev-synthetic-piecewise-mixed,file,65536,10,10,0,0,0,10,true,true,true,true,complete,confirmed,10,13203,13203,0,13203,13203,10,4.9637203665833525,4.9637203665833525,0,4.9637203665833525,4.9637203665833525,1.6116943359375,10,267778069.69999999,267214273.5,2274930.7168871001,266150795.363399,269405344.03660095,10,232000000,230000000,6324555.3203367591,227476000,236524000,10,10986864.800000001,9242456.5,3378481.5918858778,8570212.5695190951,13403517.030480906,10,0,0,0,0,0,10,4742758.4000000004,4753408,59715.191149693594,4700043.6934193596,4785473.1065806411,10,4742758.4000000004,4753408,59715.191149693594,4700043.6934193596,4785473.1065806411,10,3161702.3999999999,3155968,53000.615080707634,3123790.6780716423,3199614.1219283575,,,,,,,10,0.24475573089683772,0.24525657081722238,0.0020598105495672134,0.24328233356623363,0.24622912822744181,10,6.361253969727203,7.0946089346052643,1.4444866954186781,5.3280022264684934,7.3945057129859126,,,,,,,,
development-pilot-v3-current,local-x86-64,x86_64,36f84685dc00064dae9a239face7e8eff797ed28,ab1a6fea843e305b09fbe834657f0edbca10ba12baddfc940f90efa8ef5ce4f5,88ed376ce82fbd9301fe2fce71dd0e3a4af5f837450b50b8489d678b19d5fca7,1297748005,cf043a438526f9d43144bf55c5cbfb3b69a3a9c91333d3c91f35be3b5f922663,gnu-time-v1-monotonic-wall,3b11dec50514a8473e9f6efa7a34d584d0657538c09988f61b72d38ad4991a10,development,mathsvg,balanced-v1,balanced,1,dev-synthetic-polynomial-d2,file,65536,10,10,0,0,0,10,false,true,true,true,complete,confirmed,10,754,754,0,754,754,10,86.91777188328912,86.91777188328912,0,86.91777188328912,86.91777188328912,0.092041015625,10,177513269.80000001,167371031,20551405.404056374,162812701.40604681,192213838.19395322,10,142000000,140000000,4216370.2135578394,138984000,145016000,10,11998996.300000001,9864013.5,3915269.7011671579,9198375.6664631777,14799616.933536824,10,0,0,0,0,0,10,4656332.7999999998,4669440,46613.687748461947,4622989.6932212589,4689675.9067787407,10,4656332.7999999998,4669440,46613.687748461947,4622989.6932212589,4689675.9067787407,10,3176857.6000000001,3186688,31384.852918424058,3154407.7885252875,3199307.4114747127,,,,,,,10,0.37308052341553799,0.39156134731054071,0.037365077626597069,0.34635301410920394,0.39980803272187204,10,5.9244076056505346,6.6509833510562331,1.5878238939688543,4.7886257312763831,7.060189480024686,,,,,,,,
development-pilot-v3-current,local-x86-64,x86_64,36f84685dc00064dae9a239face7e8eff797ed28,ab1a6fea843e305b09fbe834657f0edbca10ba12baddfc940f90efa8ef5ce4f5,88ed376ce82fbd9301fe2fce71dd0e3a4af5f837450b50b8489d678b19d5fca7,1297748005,cf043a438526f9d43144bf55c5cbfb3b69a3a9c91333d3c91f35be3b5f922663,gnu-time-v1-monotonic-wall,3b11dec50514a8473e9f6efa7a34d584d0657538c09988f61b72d38ad4991a10,development,mathsvg,balanced-v1,balanced,1,dev-synthetic-recurrence,file,65536,10,10,0,0,0,10,false,true,true,true,complete,confirmed,10,882,882,0,882,882,10,74.303854875283449,74.303854875283449,0,74.303854875283449,74.303854875283449,0.107666015625,10,217016080,216707101.5,1630441.7619984674,215849813.25748879,218182346.74251121,10,171000000,170000000,8755950.3577091321,164736805.60735977,177263194.39264023,10,11457889.800000001,9814858,3786816.3745974386,8749152.756686952,14166626.84331305,10,0,0,0,0,0,10,4656332.7999999998,4669440,52695.499442657449,4618639.329486426,4694026.2705135737,10,4656332.7999999998,4669440,52695.499442657449,4618639.329486426,4694026.2705135737,10,3199795.2000000002,3201024,55855.317758970414,3159841.4886728097,3239748.9113271907,,,,,,,10,0.30200209382208898,0.30241915488164173,0.0022561299804424403,0.30038826778775868,0.30361591985641928,10,6.1607222207091183,6.6858635844297245,1.5044293441541023,5.08459306881947,7.2368513725987667,,,,,,,,
development-pilot-v3-current,local-x86-64,x86_64,36f84685dc00064dae9a239face7e8eff797ed28,ab1a6fea843e305b09fbe834657f0edbca10ba12baddfc940f90efa8ef5ce4f5,88ed376ce82fbd9301fe2fce71dd0e3a4af5f837450b50b8489d678b19d5fca7,1297748005,cf043a438526f9d43144bf55c5cbfb3b69a3a9c91333d3c91f35be3b5f922663,gnu-time-v1-monotonic-wall,3b11dec50514a8473e9f6efa7a34d584d0657538c09988f61b72d38ad4991a10,development,mathsvg,balanced-v1,balanced,1,__aggregate__,corpus,10114825,100,100,0,0,0,10,false,true,true,true,complete,confirmed,10,7136397,7136397,0,7136397,7136397,10,1.4173573863673783,1.4173573863673783,0,1.4173573863673783,1.4173573863673783,5.6443068466335307,10,20522083023.400002,20510733297,55676311.960148826,20482257356.210754,20561908690.589249,10,20111000000,20100000000,40674862.562084265,20081904977.676586,20140095022.323414,10,2349824874.5999999,2345268256,47742460.32364402,2315674348.6634722,2383975400.5365276,10,2131000000,2120000000,26436506.745197803,2112089776.2043915,2149910223.7956085,10,26929971.199999999,26937344,47416.593693675539,26896053.768812321,26963888.631187677,10,26929971.199999999,26937344,47416.593693675539,26896053.768812321,26963888.631187677,10,7351091.2000000002,7350272,22931.910405468716,7334687.8392228801,7367494.5607771203,,,,,,,10,0.49287842336697596,0.49314790952598531,0.0013355958652184314,0.4919230620193063,0.49383378471464562,10,4.306105149870346,4.3128829101813366,0.087701372940262159,4.2433717257660533,4.3688385739746387,1.2681175729584635,15.000263221795247,0.19817687365693629,0.6042788953909306,3.8093211958338182,6.4201602089933107,10000,1297748005
development-pilot-v3-current,local-x86-64,x86_64,36f84685dc00064dae9a239face7e8eff797ed28,bf920ab8461c6c60c8cc32db3d853f55655e60793cf7f64068847ad56c2b2e67,88ed376ce82fbd9301fe2fce71dd0e3a4af5f837450b50b8489d678b19d5fca7,1297748005,afea077ce127d4fa9ad410d3066ba2b54dea19c0b44f04adf56c72d5f7b7a9bb,gnu-time-v1-monotonic-wall,3b11dec50514a8473e9f6efa7a34d584d0657538c09988f61b72d38ad4991a10,development,gzip-6,gzip-6,,1,dev-canterbury-alice29-txt,file,152089,10,10,0,0,0,10,true,true,true,true,complete,confirmed,10,54423,54423,0,54423,54423,10,2.7945721478051557,2.7945721478051557,0,2.7945721478051557,2.7945721478051557,2.8626922394124494,10,26422269.5,27760781,7265211.6617195411,21225411.239952538,31619127.760047462,10,10000000,10000000,0,10000000,10000000,10,10324264.800000001,8992996,2788171.0273455367,8329865.9705437068,12318663.629456295,10,0,0,0,0,0,10,1822720,1822720,0,1822720,1822720,10,1822720,1822720,0,1822720,1822720,10,1559756.8,1560576,2590.5378592099364,1557903.7696,1561609.8304000001,,,,,,,10,6.189956814807652,5.685526565593209,1.7625166264212808,4.9292159699469087,7.4506976596683954,10,15.396448316516015,16.911942582765946,2.7932606946189109,13.398408811379218,17.39448782165281,,,,,,,,
development-pilot-v3-current,local-x86-64,x86_64,36f84685dc00064dae9a239face7e8eff797ed28,bf920ab8461c6c60c8cc32db3d853f55655e60793cf7f64068847ad56c2b2e67,88ed376ce82fbd9301fe2fce71dd0e3a4af5f837450b50b8489d678b19d5fca7,1297748005,afea077ce127d4fa9ad410d3066ba2b54dea19c0b44f04adf56c72d5f7b7a9bb,gnu-time-v1-monotonic-wall,3b11dec50514a8473e9f6efa7a34d584d0657538c09988f61b72d38ad4991a10,development,gzip-6,gzip-6,,1,dev-canterbury-kennedy-xls,file,1029744,10,10,0,0,0,10,true,true,true,true,complete,confirmed,10,206767,206767,0,206767,206767,10,4.9802144442778591,4.9802144442778591,0,4.9802144442778591,4.9802144442778591,1.6063565313320591,10,66191347.5,65435757.5,1295363.725634726,65264764.491716743,67117930.508283257,10,48000000,50000000,4216370.2135578394,44984000,51016000,10,18922852.300000001,17288011,5315710.7620248161,15120486.083030965,22725218.516969036,10,0,0,0,0,0,10,1953382.3999999999,1953792,1295.2689296049682,1952455.8847999999,1954308.9151999999,10,1953382.3999999999,1953792,1295.2689296049682,1952455.8847999999,1954308.9151999999,10,1691238.3999999999,1691648,1295.2689296049682,1690311.8847999999,1692164.9151999999,,,,,,,10,15.562354975654248,15.73676184171757,0.29959800748826421,15.348050361775918,15.776659589532578,10,56.782997088271621,59.565350052267505,9.3650120678923621,50.084136464993975,63.481857711549267,,,,,,,,
development-pilot-v3-current,local-x86-64,x86_64,36f84685dc00064dae9a239face7e8eff797ed28,bf920ab8461c6c60c8cc32db3d853f55655e60793cf7f64068847ad56c2b2e67,88ed376ce82fbd9301fe2fce71dd0e3a4af5f837450b50b8489d678b19d5fca7,1297748005,afea077ce127d4fa9ad410d3066ba2b54dea19c0b44f04adf56c72d5f7b7a9bb,gnu-time-v1-monotonic-wall,3b11dec50514a8473e9f6efa7a34d584d0657538c09988f61b72d38ad4991a10,development,gzip-6,gzip-6,,1,dev-silesia-x-ray,file,8474240,10,10,0,0,0,10,true,true,true,true,complete,confirmed,10,6037788,6037788,0,6037788,6037788,10,1.4035338769761376,1.4035338769761376,0,1.4035338769761376,1.4035338769761376,5.6998980439543843,10,579181543.60000002,569268539.5,20747666.602638237,564340588.15629971,594022499.04370034,10,538000000,530000000,18737959.096740261,524596602.81868809,551403397.18131185,10,167216211.30000001,167066728.5,1559866.2290106127,166100427.74485382,168331994.8551462,10,118000000,120000000,6324555.3203367591,113476000,122524000,10,2071347.2,2084864,41324.740474549733,2041787.3153223039,2100907.0846776958,10,2071347.2,2084864,41324.740474549733,2041787.3153223039,2100907.0846776958,10,1822720,1822720,0,1822720,1822720,,,,,,,10,14.64754435473545,14.886213103572498,0.50061861780502837,14.289448249596258,15.005640459874641,10,50.682267448826849,50.724079436822954,0.46783347056498026,50.347622795782172,51.016912101871526,,,,,,,,
development-pilot-v3-current,local-x86-64,x86_64,36f84685dc00064dae9a239face7e8eff797ed28,bf920ab8461c6c60c8cc32db3d853f55655e60793cf7f64068847ad56c2b2e67,88ed376ce82fbd9301fe2fce71dd0e3a4af5f837450b50b8489d678b19d5fca7,1297748005,afea077ce127d4fa9ad410d3066ba2b54dea19c0b44f04adf56c72d5f7b7a9bb,gnu-time-v1-monotonic-wall,3b11dec50514a8473e9f6efa7a34d584d0657538c09988f61b72d38ad4991a10,development,gzip-6,gzip-6,,1,dev-synthetic-constant-00,file,65536,10,10,0,0,0,10,true,true,true,true,complete,confirmed,10,96,96,0,96,96,10,682.66666666666663,682.66666666666663,0,682.66666666666663,682.66666666666663,0.01171875,10,8756321,8793838,1010261.909398746,8033673.3755221786,9478968.6244778223,10,0,0,0,0,0,10,7957226.7999999998,8664121.5,1539899.790453464,6855725.3822464859,9058728.2177535146,10,0,0,0,0,0,10,1691648,1691648,0,1691648,1691648,10,1691648,1691648,0,1691648,1691648,10,1560166.3999999999,1560576,1295.2689296049682,1559239.8847999999,1561092.9151999999,,,,,,,10,7.5789110351615481,7.4524927292050069,0.91797941461714183,6.9222737442560396,8.2355483260670574,10,8.6106905794349906,7.5640675897156964,2.1658063695264249,7.061473674930812,10.159907483939168,,,,,,,,
development-pilot-v3-current,local-x86-64,x86_64,36f84685dc00064dae9a239face7e8eff797ed28,bf920ab8461c6c60c8cc32db3d853f55655e60793cf7f64068847ad56c2b2e67,88ed376ce82fbd9301fe2fce71dd0e3a4af5f837450b50b8489d678b19d5fca7,1297748005,afea077ce127d4fa9ad410d3066ba2b54dea19c0b44f04adf56c72d5f7b7a9bb,gnu-time-v1-monotonic-wall,3b11dec50514a8473e9f6efa7a34d584d0657538c09988f61b72d38ad4991a10,development,gzip-6,gzip-6,,1,dev-synthetic-lfsr8,file,65536,10,10,0,0,0,10,true,true,true,true,complete,confirmed,10,598,598,0,598,598,10,109.59197324414716,109.59197324414716,0,109.59197324414716,109.59197324414716,0.072998046875,10,9281556,8991603,1492351.6201890521,8214066.1311034486,10349045.868896551,10,0,0,0,0,0,10,8930826.4000000004,8743790.5,970926.23894897394,8236315.8640764607,9625336.935923541,10,0,0,0,0,0,10,1691648,1691648,0,1691648,1691648,10,1691648,1691648,0,1691648,1691648,10,1560576,1560576,0,1560576,1560576,,,,,,,10,7.2531930160942695,7.2891598444910342,1.3677701312565322,6.2748171840563147,8.2315688481322251,10,7.4063268213425557,7.49526367337225,0.70516747085870335,6.9019154474856963,7.9107381951994151,,,,,,,,
development-pilot-v3-current,local-x86-64,x86_64,36f84685dc00064dae9a239face7e8eff797ed28,bf920ab8461c6c60c8cc32db3d853f55655e60793cf7f64068847ad56c2b2e67,88ed376ce82fbd9301fe2fce71dd0e3a4af5f837450b50b8489d678b19d5fca7,1297748005,afea077ce127d4fa9ad410d3066ba2b54dea19c0b44f04adf56c72d5f7b7a9bb,gnu-time-v1-monotonic-wall,3b11dec50514a8473e9f6efa7a34d584d0657538c09988f61b72d38ad4991a10,development,gzip-6,gzip-6,,1,dev-synthetic-linear,file,65536,10,10,0,0,0,10,true,true,true,true,complete,confirmed,10,597,597,0,597,597,10,109.7755443886097,109.77554438860972,0,109.7755443886097,109.7755443886097,0.0728759765625,10,8540952.8000000007,8748238,850891.90345592343,7932303.6893096967,9149601.9106903039,10,0,0,0,0,0,10,8320097.5,8675402.5,1783625.1492143902,7044257.5766619192,9595937.4233380817,10,0,0,0,0,0,10,1691238.3999999999,1691648,1295.2689296049682,1690311.8847999999,1692164.9151999999,10,1691238.3999999999,1691648,1295.2689296049682,1690311.8847999999,1692164.9151999999,10,1560166.3999999999,1560576,1295.2689296049682,1559239.8847999999,1561092.9151999999,,,,,,,10,7.7650200272125733,7.4913450009421831,1.0255197725146943,7.0314583432886124,8.4985817111365343,10,8.2508868121729257,7.5544209950829631,1.9788663892343568,6.8353894227976442,9.6663842015482082,,,,,,,,
development-pilot-v3-current,local-x86-64,x86_64,36f84685dc00064dae9a239face7e8eff797ed28,bf920ab8461c6c60c8cc32db3d853f55655e60793cf7f64068847ad56c2b2e67,88ed376ce82fbd9301fe2fce71dd0e3a4af5f837450b50b8489d678b19d5fca7,1297748005,afea077ce127d4fa9ad410d3066ba2b54dea19c0b44f04adf56c72d5f7b7a9bb,gnu-time-v1-monotonic-wall,3b11dec50514a8473e9f6efa7a34d584d0657538c09988f61b72d38ad4991a10,development,gzip-6,gzip-6,,1,dev-synthetic-periodic,file,65536,10,10,0,0,0,10,true,true,true,true,complete,confirmed,10,139,139,0,139,139,10,471.48201438848918,471.48201438848923,0,471.48201438848918,471.48201438848918,0.0169677734375,10,9334928.5999999996,8889573.5,1317153.8115287491,8392758.9862414822,10277098.213758517,10,0,0,0,0,0,10,8342155.7999999998,8770335,1150370.9199347449,7519287.1905579567,9165024.4094420429,10,0,0,0,0,0,10,1691238.3999999999,1691648,1295.2689296049682,1690311.8847999999,1692164.9151999999,10,1691238.3999999999,1691648,1295.2689296049682,1690311.8847999999,1692164.9151999999,10,1560576,1560576,0,1560576,1560576,,,,,,,10,7.1371516795123089,7.3722323338938587,0.92895414844284063,6.4726640824093336,7.8016392766152842,10,8.0526964015437805,7.4724631712273784,1.5938831077376869,6.9125803278936644,9.1928124751938967,,,,,,,,
development-pilot-v3-current,local-x86-64,x86_64,36f84685dc00064dae9a239face7e8eff797ed28,bf920ab8461c6c60c8cc32db3d853f55655e60793cf7f64068847ad56c2b2e67,88ed376ce82fbd9301fe2fce71dd0e3a4af5f837450b50b8489d678b19d5fca7,1297748005,afea077ce127d4fa9ad410d3066ba2b54dea19c0b44f04adf56c72d5f7b7a9bb,gnu-time-v1-monotonic-wall,3b11dec50514a8473e9f6efa7a34d584d0657538c09988f61b72d38ad4991a10,development,gzip-6,gzip-6,,1,dev-synthetic-piecewise-mixed,file,65536,10,10,0,0,0,10,true,true,true,true,complete,confirmed,10,12684,12684,0,12684,12684,10,5.1668243456322926,5.1668243456322926,0,5.1668243456322926,5.1668243456322926,1.54833984375,10,10106521,8844222.5,3978356.7891623294,7260773.7177686151,12952268.282231385,10,0,0,0,0,0,10,8264486.7000000002,8774674,1472137.7606519521,7211455.9505061666,9317517.4494938347,10,0,0,0,0,0,10,1690828.8,1691648,1727.0252394732909,1689593.4464,1692064.1536000001,10,1690828.8,1691648,1727.0252394732909,1689593.4464,1692064.1536000001,10,1559347.2,1560576,2764.5892923824244,1557369.66935551,1561324.7306444899,,,,,,,10,7.0397918706942546,7.4100416360261114,1.6684953886253024,5.8463050948146584,8.2332786465738508,10,8.2467822872234358,7.4687943761234656,1.9916579984815037,6.8221349675679948,9.6714296068788776,,,,,,,,
development-pilot-v3-current,local-x86-64,x86_64,36f84685dc00064dae9a239face7e8eff797ed28,bf920ab8461c6c60c8cc32db3d853f55655e60793cf7f64068847ad56c2b2e67,88ed376ce82fbd9301fe2fce71dd0e3a4af5f837450b50b8489d678b19d5fca7,1297748005,afea077ce127d4fa9ad410d3066ba2b54dea19c0b44f04adf56c72d5f7b7a9bb,gnu-time-v1-monotonic-wall,3b11dec50514a8473e9f6efa7a34d584d0657538c09988f61b72d38ad4991a10,development,gzip-6,gzip-6,,1,dev-synthetic-polynomial-d2,file,65536,10,10,0,0,0,10,true,true,true,true,complete,confirmed,10,594,594,0,594,594,10,110.32996632996633,110.32996632996633,0,110.32996632996633,110.32996632996633,0.072509765625,10,8652001.8000000007,8819499,1282183.8092820649,7734846.4808679037,9569157.1191320978,10,0,0,0,0,0,10,9065882.9000000004,9213679.5,1721423.9405579614,7834535.9494811855,10297229.850518815,10,0,0,0,0,0,10,1691648,1691648,0,1691648,1691648,10,1691648,1691648,0,1691648,1691648,10,1560576,1560576,0,1560576,1560576,,,,,,,10,7.7475018762865373,7.4308837270547059,1.3196169726362168,6.8035703456365111,8.6914334069365644,10,7.4797194366028048,7.1303199591754396,1.4870432819090469,6.4160266603337028,8.5434122128719068,,,,,,,,
development-pilot-v3-current,local-x86-64,x86_64,36f84685dc00064dae9a239face7e8eff797ed28,bf920ab8461c6c60c8cc32db3d853f55655e60793cf7f64068847ad56c2b2e67,88ed376ce82fbd9301fe2fce71dd0e3a4af5f837450b50b8489d678b19d5fca7,1297748005,afea077ce127d4fa9ad410d3066ba2b54dea19c0b44f04adf56c72d5f7b7a9bb,gnu-time-v1-monotonic-wall,3b11dec50514a8473e9f6efa7a34d584d0657538c09988f61b72d38ad4991a10,development,gzip-6,gzip-6,,1,dev-synthetic-recurrence,file,65536,10,10,0,0,0,10,true,true,true,true,complete,confirmed,10,785,785,0,785,785,10,83.485350318471333,83.485350318471333,0,83.485350318471333,83.485350318471333,0.0958251953125,10,9191298.9000000004,8901936.5,800828.98249355063,8618460.1574640404,9764137.6425359603,10,0,0,0,0,0,10,9154885.6999999993,8918383.5,1503606.5835094298,8079345.0747288987,10230426.3252711,10,0,0,0,0,0,10,1691238.3999999999,1691648,1295.2689296049682,1690311.8847999999,1692164.9151999999,10,1691238.3999999999,1691648,1295.2689296049682,1690311.8847999999,1692164.9151999999,10,1560576,1560576,0,1560576,1560576,,,,,,,10,7.172236942275946,7.3619959820676133,0.53727837382044674,6.7879178494619588,7.5565560350899332,10,7.3317451688235877,7.3484228381809871,1.2175814616380554,6.4608003745329334,8.202689963114242,,,,,,,,
development-pilot-v3-current,local-x86-64,x86_64,36f84685dc00064dae9a239face7e8eff797ed28,bf920ab8461c6c60c8cc32db3d853f55655e60793cf7f64068847ad56c2b2e67,88ed376ce82fbd9301fe2fce71dd0e3a4af5f837450b50b8489d678b19d5fca7,1297748005,afea077ce127d4fa9ad410d3066ba2b54dea19c0b44f04adf56c72d5f7b7a9bb,gnu-time-v1-monotonic-wall,3b11dec50514a8473e9f6efa7a34d584d0657538c09988f61b72d38ad4991a10,development,gzip-6,gzip-6,,1,__aggregate__,corpus,10114825,100,100,0,0,0,10,true,true,true,true,complete,confirmed,10,6314471,6314471,0,6314471,6314471,10,1.6018483575267033,1.6018483575267033,0,1.6018483575267033,1.6018483575267033,4.9942305477356257,10,735658740.70000005,731570452,23995849.274609894,718494336.78226268,752823144.61773741,10,596000000,590000000,20655911.179772891,581224677.87153184,610775322.12846816,10,256498890.19999999,255624919.5,8432698.0848143045,250466920.4877533,262530859.91224667,10,118000000,120000000,6324555.3203367591,113476000,122524000,10,2071347.2,2084864,41324.740474549733,2041787.3153223039,2100907.0846776958,10,2071347.2,2084864,41324.740474549733,2041787.3153223039,2100907.0846776958,10,1822720,1822720,0,1822720,1822720,,,,,,,10,13.762134516299032,13.826237300913029,0.43589003286774891,13.450339234446917,14.073929798151147,10,39.471385884676081,39.569113589459164,1.2582468386208592,38.57135285316523,40.371418916186933,1.429576463325644,16.000840380320209,6.5520664856301627,14.701802239319623,7.4821479959970958,47.592110653337137,10000,1297748005
