oracle_kind,input_id,origin,sample_bytes,status,baseline,baseline_bytes,oracle_bytes,headroom_bytes,headroom_percent,winner,evaluated_candidates,no_coordinate_bytes,whole_coordinate_bytes,basis_bytes,basis_incremental_winner,budget_exhausted,complete_within_declared_catalogue,source,notes
native_coordinate_basis_incremental_ablation,kennedy.xls:block-0014,real,4096,bounded_incomplete,"min(no-coordinate,whole-coordinate)",1436,1436,0,0.000000000,whole-coordinate,3,1925,1436,1524,false,true,false,datasets/data/canterbury/kennedy.xls,Frozen 73-block real development scan. Each value is a complete native archive under the current Canonical/LZ-Huffman function leaf.
native_coordinate_basis_incremental_ablation,kennedy.xls:block-0027,real,4096,bounded_incomplete,"min(no-coordinate,whole-coordinate)",1465,1465,0,0.000000000,whole-coordinate,3,1900,1465,1582,false,true,false,datasets/data/canterbury/kennedy.xls,Frozen 73-block real development scan. Each value is a complete native archive under the current Canonical/LZ-Huffman function leaf.
native_coordinate_basis_incremental_ablation,kennedy.xls:block-0009,real,4096,bounded_incomplete,"min(no-coordinate,whole-coordinate)",1517,1517,0,0.000000000,whole-coordinate,3,1901,1517,1631,false,true,false,datasets/data/canterbury/kennedy.xls,Frozen 73-block real development scan. Each value is a complete native archive under the current Canonical/LZ-Huffman function leaf.
native_coordinate_basis_incremental_ablation,kennedy.xls:block-0030,real,4096,bounded_incomplete,"min(no-coordinate,whole-coordinate)",1522,1522,0,0.000000000,whole-coordinate,3,1931,1522,1643,false,true,false,datasets/data/canterbury/kennedy.xls,Frozen 73-block real development scan. Each value is a complete native archive under the current Canonical/LZ-Huffman function leaf.
native_coordinate_basis_incremental_ablation,kennedy.xls:block-0022,real,4096,bounded_incomplete,"min(no-coordinate,whole-coordinate)",1526,1526,0,0.000000000,whole-coordinate,3,1923,1526,1688,false,true,false,datasets/data/canterbury/kennedy.xls,Frozen 73-block real development scan. Each value is a complete native archive under the current Canonical/LZ-Huffman function leaf.
native_coordinate_basis_incremental_ablation,kennedy.xls:block-0003,real,4096,bounded_incomplete,"min(no-coordinate,whole-coordinate)",1540,1540,0,0.000000000,whole-coordinate,3,1929,1540,1662,false,true,false,datasets/data/canterbury/kennedy.xls,Frozen 73-block real development scan. Each value is a complete native archive under the current Canonical/LZ-Huffman function leaf.
native_coordinate_basis_incremental_ablation,kennedy.xls:block-0004,real,4096,bounded_incomplete,"min(no-coordinate,whole-coordinate)",1547,1547,0,0.000000000,whole-coordinate,3,1947,1547,1683,false,true,false,datasets/data/canterbury/kennedy.xls,Frozen 73-block real development scan. Each value is a complete native archive under the current Canonical/LZ-Huffman function leaf.
native_coordinate_basis_incremental_ablation,kennedy.xls:block-0024,real,4096,bounded_incomplete,"min(no-coordinate,whole-coordinate)",1558,1558,0,0.000000000,whole-coordinate,3,1924,1558,1731,false,true,false,datasets/data/canterbury/kennedy.xls,Frozen 73-block real development scan. Each value is a complete native archive under the current Canonical/LZ-Huffman function leaf.
native_coordinate_basis_incremental_ablation,kennedy.xls:block-0025,real,4096,bounded_incomplete,"min(no-coordinate,whole-coordinate)",1562,1562,0,0.000000000,whole-coordinate,3,1930,1562,1678,false,true,false,datasets/data/canterbury/kennedy.xls,Frozen 73-block real development scan. Each value is a complete native archive under the current Canonical/LZ-Huffman function leaf.
native_coordinate_basis_incremental_ablation,kennedy.xls:block-0008,real,4096,bounded_incomplete,"min(no-coordinate,whole-coordinate)",1576,1576,0,0.000000000,whole-coordinate,3,1945,1576,1710,false,true,false,datasets/data/canterbury/kennedy.xls,Frozen 73-block real development scan. Each value is a complete native archive under the current Canonical/LZ-Huffman function leaf.
native_coordinate_basis_incremental_ablation,kennedy.xls:block-0006,real,4096,bounded_incomplete,"min(no-coordinate,whole-coordinate)",1582,1582,0,0.000000000,whole-coordinate,3,1925,1582,1722,false,true,false,datasets/data/canterbury/kennedy.xls,Frozen 73-block real development scan. Each value is a complete native archive under the current Canonical/LZ-Huffman function leaf.
native_coordinate_basis_incremental_ablation,kennedy.xls:block-0017,real,4096,bounded_incomplete,"min(no-coordinate,whole-coordinate)",1597,1597,0,0.000000000,whole-coordinate,3,1904,1597,1730,false,true,false,datasets/data/canterbury/kennedy.xls,Frozen 73-block real development scan. Each value is a complete native archive under the current Canonical/LZ-Huffman function leaf.
native_coordinate_basis_incremental_ablation,kennedy.xls:block-0011,real,4096,bounded_incomplete,"min(no-coordinate,whole-coordinate)",1609,1609,0,0.000000000,whole-coordinate,3,1935,1609,1746,false,true,false,datasets/data/canterbury/kennedy.xls,Frozen 73-block real development scan. Each value is a complete native archive under the current Canonical/LZ-Huffman function leaf.
native_coordinate_basis_incremental_ablation,kennedy.xls:block-0005,real,4096,bounded_incomplete,"min(no-coordinate,whole-coordinate)",1614,1614,0,0.000000000,whole-coordinate,3,1973,1614,1716,false,true,false,datasets/data/canterbury/kennedy.xls,Frozen 73-block real development scan. Each value is a complete native archive under the current Canonical/LZ-Huffman function leaf.
native_coordinate_basis_incremental_ablation,kennedy.xls:block-0029,real,4096,bounded_incomplete,"min(no-coordinate,whole-coordinate)",1628,1628,0,0.000000000,whole-coordinate,3,1935,1628,1781,false,true,false,datasets/data/canterbury/kennedy.xls,Frozen 73-block real development scan. Each value is a complete native archive under the current Canonical/LZ-Huffman function leaf.
native_coordinate_basis_incremental_ablation,kennedy.xls:block-0021,real,4096,bounded_incomplete,"min(no-coordinate,whole-coordinate)",1630,1630,0,0.000000000,whole-coordinate,3,1944,1630,1776,false,true,false,datasets/data/canterbury/kennedy.xls,Frozen 73-block real development scan. Each value is a complete native archive under the current Canonical/LZ-Huffman function leaf.
native_coordinate_basis_incremental_ablation,kennedy.xls:block-0019,real,4096,bounded_incomplete,"min(no-coordinate,whole-coordinate)",1668,1668,0,0.000000000,whole-coordinate,3,1969,1668,1781,false,true,false,datasets/data/canterbury/kennedy.xls,Frozen 73-block real development scan. Each value is a complete native archive under the current Canonical/LZ-Huffman function leaf.
native_coordinate_basis_incremental_ablation,kennedy.xls:block-0012,real,4096,bounded_incomplete,"min(no-coordinate,whole-coordinate)",1670,1670,0,0.000000000,whole-coordinate,3,1963,1670,1791,false,true,false,datasets/data/canterbury/kennedy.xls,Frozen 73-block real development scan. Each value is a complete native archive under the current Canonical/LZ-Huffman function leaf.
native_coordinate_basis_incremental_ablation,kennedy.xls:block-0031,real,4096,bounded_incomplete,"min(no-coordinate,whole-coordinate)",1680,1680,0,0.000000000,whole-coordinate,3,2019,1680,1828,false,true,false,datasets/data/canterbury/kennedy.xls,Frozen 73-block real development scan. Each value is a complete native archive under the current Canonical/LZ-Huffman function leaf.
native_coordinate_basis_incremental_ablation,kennedy.xls:block-0023,real,4096,bounded_incomplete,"min(no-coordinate,whole-coordinate)",1716,1716,0,0.000000000,whole-coordinate,3,1993,1716,1832,false,true,false,datasets/data/canterbury/kennedy.xls,Frozen 73-block real development scan. Each value is a complete native archive under the current Canonical/LZ-Huffman function leaf.
native_coordinate_basis_incremental_ablation,kennedy.xls:block-0016,real,4096,bounded_incomplete,"min(no-coordinate,whole-coordinate)",1719,1719,0,0.000000000,whole-coordinate,3,1971,1719,1913,false,true,false,datasets/data/canterbury/kennedy.xls,Frozen 73-block real development scan. Each value is a complete native archive under the current Canonical/LZ-Huffman function leaf.
native_coordinate_basis_incremental_ablation,kennedy.xls:block-0018,real,4096,bounded_incomplete,"min(no-coordinate,whole-coordinate)",1724,1724,0,0.000000000,whole-coordinate,3,1997,1724,1893,false,true,false,datasets/data/canterbury/kennedy.xls,Frozen 73-block real development scan. Each value is a complete native archive under the current Canonical/LZ-Huffman function leaf.
native_coordinate_basis_incremental_ablation,kennedy.xls:block-0002,real,4096,bounded_incomplete,"min(no-coordinate,whole-coordinate)",1734,1734,0,0.000000000,whole-coordinate,3,1988,1734,1861,false,true,false,datasets/data/canterbury/kennedy.xls,Frozen 73-block real development scan. Each value is a complete native archive under the current Canonical/LZ-Huffman function leaf.
native_coordinate_basis_incremental_ablation,kennedy.xls:block-0026,real,4096,bounded_incomplete,"min(no-coordinate,whole-coordinate)",1742,1742,0,0.000000000,whole-coordinate,3,1997,1742,1894,false,true,false,datasets/data/canterbury/kennedy.xls,Frozen 73-block real development scan. Each value is a complete native archive under the current Canonical/LZ-Huffman function leaf.
native_coordinate_basis_incremental_ablation,kennedy.xls:block-0013,real,4096,bounded_incomplete,"min(no-coordinate,whole-coordinate)",1743,1743,0,0.000000000,whole-coordinate,3,2011,1743,1916,false,true,false,datasets/data/canterbury/kennedy.xls,Frozen 73-block real development scan. Each value is a complete native archive under the current Canonical/LZ-Huffman function leaf.
native_coordinate_basis_incremental_ablation,kennedy.xls:block-0020,real,4096,bounded_incomplete,"min(no-coordinate,whole-coordinate)",1759,1759,0,0.000000000,whole-coordinate,3,2008,1759,1895,false,true,false,datasets/data/canterbury/kennedy.xls,Frozen 73-block real development scan. Each value is a complete native archive under the current Canonical/LZ-Huffman function leaf.
native_coordinate_basis_incremental_ablation,kennedy.xls:block-0007,real,4096,bounded_incomplete,"min(no-coordinate,whole-coordinate)",1791,1791,0,0.000000000,whole-coordinate,3,2007,1791,1926,false,true,false,datasets/data/canterbury/kennedy.xls,Frozen 73-block real development scan. Each value is a complete native archive under the current Canonical/LZ-Huffman function leaf.
native_coordinate_basis_incremental_ablation,kennedy.xls:block-0028,real,4096,bounded_incomplete,"min(no-coordinate,whole-coordinate)",1832,1832,0,0.000000000,whole-coordinate,3,1989,1832,2009,false,true,false,datasets/data/canterbury/kennedy.xls,Frozen 73-block real development scan. Each value is a complete native archive under the current Canonical/LZ-Huffman function leaf.
native_coordinate_basis_incremental_ablation,kennedy.xls:block-0010,real,4096,bounded_incomplete,"min(no-coordinate,whole-coordinate)",1894,1894,0,0.000000000,whole-coordinate,3,2046,1894,2050,false,true,false,datasets/data/canterbury/kennedy.xls,Frozen 73-block real development scan. Each value is a complete native archive under the current Canonical/LZ-Huffman function leaf.
native_coordinate_basis_incremental_ablation,kennedy.xls:block-0015,real,4096,bounded_incomplete,"min(no-coordinate,whole-coordinate)",1911,1911,0,0.000000000,whole-coordinate,3,2027,1911,2116,false,true,false,datasets/data/canterbury/kennedy.xls,Frozen 73-block real development scan. Each value is a complete native archive under the current Canonical/LZ-Huffman function leaf.
native_coordinate_basis_incremental_ablation,kennedy.xls:block-0001,real,4096,bounded_incomplete,"min(no-coordinate,whole-coordinate)",2169,2169,0,0.000000000,no-coordinate,3,2169,2177,2391,false,true,false,datasets/data/canterbury/kennedy.xls,Frozen 73-block real development scan. Each value is a complete native archive under the current Canonical/LZ-Huffman function leaf.
native_coordinate_basis_incremental_ablation,kennedy.xls:block-0000,real,4096,bounded_incomplete,"min(no-coordinate,whole-coordinate)",2264,2264,0,0.000000000,whole-coordinate,3,2737,2264,2569,false,true,false,datasets/data/canterbury/kennedy.xls,Frozen 73-block real development scan. Each value is a complete native archive under the current Canonical/LZ-Huffman function leaf.
native_coordinate_basis_incremental_ablation,alice29.txt:block-0007,real,4096,bounded_incomplete,"min(no-coordinate,whole-coordinate)",2735,2735,0,0.000000000,no-coordinate,3,2735,2743,2851,false,true,false,datasets/data/canterbury/alice29.txt,Frozen 73-block real development scan. Each value is a complete native archive under the current Canonical/LZ-Huffman function leaf.
native_coordinate_basis_incremental_ablation,progc:block-0008,real,4096,bounded_incomplete,"min(no-coordinate,whole-coordinate)",2747,2747,0,0.000000000,no-coordinate,3,2747,2755,3420,false,true,false,datasets/data/calgary/progc,Frozen 73-block real development scan. Each value is a complete native archive under the current Canonical/LZ-Huffman function leaf.
native_coordinate_basis_incremental_ablation,progc:block-0004,real,4096,bounded_incomplete,"min(no-coordinate,whole-coordinate)",2813,2813,0,0.000000000,no-coordinate,3,2813,2821,3458,false,true,false,datasets/data/calgary/progc,Frozen 73-block real development scan. Each value is a complete native archive under the current Canonical/LZ-Huffman function leaf.
native_coordinate_basis_incremental_ablation,alice29.txt:block-0002,real,4096,bounded_incomplete,"min(no-coordinate,whole-coordinate)",2866,2866,0,0.000000000,no-coordinate,3,2866,2874,2983,false,true,false,datasets/data/canterbury/alice29.txt,Frozen 73-block real development scan. Each value is a complete native archive under the current Canonical/LZ-Huffman function leaf.
native_coordinate_basis_incremental_ablation,alice29.txt:block-0011,real,4096,bounded_incomplete,"min(no-coordinate,whole-coordinate)",2898,2898,0,0.000000000,no-coordinate,3,2898,2906,3006,false,true,false,datasets/data/canterbury/alice29.txt,Frozen 73-block real development scan. Each value is a complete native archive under the current Canonical/LZ-Huffman function leaf.
native_coordinate_basis_incremental_ablation,alice29.txt:block-0004,real,4096,bounded_incomplete,"min(no-coordinate,whole-coordinate)",2898,2898,0,0.000000000,no-coordinate,3,2898,2906,3016,false,true,false,datasets/data/canterbury/alice29.txt,Frozen 73-block real development scan. Each value is a complete native archive under the current Canonical/LZ-Huffman function leaf.
native_coordinate_basis_incremental_ablation,alice29.txt:block-0013,real,4096,bounded_incomplete,"min(no-coordinate,whole-coordinate)",2901,2901,0,0.000000000,no-coordinate,3,2901,2909,3011,false,true,false,datasets/data/canterbury/alice29.txt,Frozen 73-block real development scan. Each value is a complete native archive under the current Canonical/LZ-Huffman function leaf.
native_coordinate_basis_incremental_ablation,alice29.txt:block-0024,real,4096,bounded_incomplete,"min(no-coordinate,whole-coordinate)",2903,2903,0,0.000000000,no-coordinate,3,2903,2911,3011,false,true,false,datasets/data/canterbury/alice29.txt,Frozen 73-block real development scan. Each value is a complete native archive under the current Canonical/LZ-Huffman function leaf.
native_coordinate_basis_incremental_ablation,alice29.txt:block-0015,real,4096,bounded_incomplete,"min(no-coordinate,whole-coordinate)",2925,2925,0,0.000000000,no-coordinate,3,2925,2933,3030,false,true,false,datasets/data/canterbury/alice29.txt,Frozen 73-block real development scan. Each value is a complete native archive under the current Canonical/LZ-Huffman function leaf.
native_coordinate_basis_incremental_ablation,alice29.txt:block-0001,real,4096,bounded_incomplete,"min(no-coordinate,whole-coordinate)",2927,2927,0,0.000000000,no-coordinate,3,2927,2935,3037,false,true,false,datasets/data/canterbury/alice29.txt,Frozen 73-block real development scan. Each value is a complete native archive under the current Canonical/LZ-Huffman function leaf.
native_coordinate_basis_incremental_ablation,alice29.txt:block-0018,real,4096,bounded_incomplete,"min(no-coordinate,whole-coordinate)",2940,2940,0,0.000000000,no-coordinate,3,2940,2948,3057,false,true,false,datasets/data/canterbury/alice29.txt,Frozen 73-block real development scan. Each value is a complete native archive under the current Canonical/LZ-Huffman function leaf.
native_coordinate_basis_incremental_ablation,alice29.txt:block-0023,real,4096,bounded_incomplete,"min(no-coordinate,whole-coordinate)",2945,2945,0,0.000000000,no-coordinate,3,2945,2953,3066,false,true,false,datasets/data/canterbury/alice29.txt,Frozen 73-block real development scan. Each value is a complete native archive under the current Canonical/LZ-Huffman function leaf.
native_coordinate_basis_incremental_ablation,alice29.txt:block-0014,real,4096,bounded_incomplete,"min(no-coordinate,whole-coordinate)",2947,2947,0,0.000000000,no-coordinate,3,2947,2955,3064,false,true,false,datasets/data/canterbury/alice29.txt,Frozen 73-block real development scan. Each value is a complete native archive under the current Canonical/LZ-Huffman function leaf.
native_coordinate_basis_incremental_ablation,alice29.txt:block-0016,real,4096,bounded_incomplete,"min(no-coordinate,whole-coordinate)",2947,2947,0,0.000000000,no-coordinate,3,2947,2955,3073,false,true,false,datasets/data/canterbury/alice29.txt,Frozen 73-block real development scan. Each value is a complete native archive under the current Canonical/LZ-Huffman function leaf.
native_coordinate_basis_incremental_ablation,alice29.txt:block-0005,real,4096,bounded_incomplete,"min(no-coordinate,whole-coordinate)",2949,2949,0,0.000000000,no-coordinate,3,2949,2957,3065,false,true,false,datasets/data/canterbury/alice29.txt,Frozen 73-block real development scan. Each value is a complete native archive under the current Canonical/LZ-Huffman function leaf.
native_coordinate_basis_incremental_ablation,alice29.txt:block-0008,real,4096,bounded_incomplete,"min(no-coordinate,whole-coordinate)",2950,2950,0,0.000000000,no-coordinate,3,2950,2958,3068,false,true,false,datasets/data/canterbury/alice29.txt,Frozen 73-block real development scan. Each value is a complete native archive under the current Canonical/LZ-Huffman function leaf.
native_coordinate_basis_incremental_ablation,alice29.txt:block-0029,real,4096,bounded_incomplete,"min(no-coordinate,whole-coordinate)",2958,2958,0,0.000000000,no-coordinate,3,2958,2966,3082,false,true,false,datasets/data/canterbury/alice29.txt,Frozen 73-block real development scan. Each value is a complete native archive under the current Canonical/LZ-Huffman function leaf.
native_coordinate_basis_incremental_ablation,alice29.txt:block-0022,real,4096,bounded_incomplete,"min(no-coordinate,whole-coordinate)",2958,2958,0,0.000000000,no-coordinate,3,2958,2966,3085,false,true,false,datasets/data/canterbury/alice29.txt,Frozen 73-block real development scan. Each value is a complete native archive under the current Canonical/LZ-Huffman function leaf.
native_coordinate_basis_incremental_ablation,alice29.txt:block-0017,real,4096,bounded_incomplete,"min(no-coordinate,whole-coordinate)",2961,2961,0,0.000000000,no-coordinate,3,2961,2969,3078,false,true,false,datasets/data/canterbury/alice29.txt,Frozen 73-block real development scan. Each value is a complete native archive under the current Canonical/LZ-Huffman function leaf.
native_coordinate_basis_incremental_ablation,alice29.txt:block-0009,real,4096,bounded_incomplete,"min(no-coordinate,whole-coordinate)",2962,2962,0,0.000000000,no-coordinate,3,2962,2970,3082,false,true,false,datasets/data/canterbury/alice29.txt,Frozen 73-block real development scan. Each value is a complete native archive under the current Canonical/LZ-Huffman function leaf.
native_coordinate_basis_incremental_ablation,alice29.txt:block-0026,real,4096,bounded_incomplete,"min(no-coordinate,whole-coordinate)",2964,2964,0,0.000000000,no-coordinate,3,2964,2972,3085,false,true,false,datasets/data/canterbury/alice29.txt,Frozen 73-block real development scan. Each value is a complete native archive under the current Canonical/LZ-Huffman function leaf.
native_coordinate_basis_incremental_ablation,alice29.txt:block-0003,real,4096,bounded_incomplete,"min(no-coordinate,whole-coordinate)",2973,2973,0,0.000000000,no-coordinate,3,2973,2981,3100,false,true,false,datasets/data/canterbury/alice29.txt,Frozen 73-block real development scan. Each value is a complete native archive under the current Canonical/LZ-Huffman function leaf.
native_coordinate_basis_incremental_ablation,alice29.txt:block-0031,real,4096,bounded_incomplete,"min(no-coordinate,whole-coordinate)",2976,2976,0,0.000000000,no-coordinate,3,2976,2984,3096,false,true,false,datasets/data/canterbury/alice29.txt,Frozen 73-block real development scan. Each value is a complete native archive under the current Canonical/LZ-Huffman function leaf.
native_coordinate_basis_incremental_ablation,alice29.txt:block-0000,real,4096,bounded_incomplete,"min(no-coordinate,whole-coordinate)",2977,2977,0,0.000000000,no-coordinate,3,2977,2985,3107,false,true,false,datasets/data/canterbury/alice29.txt,Frozen 73-block real development scan. Each value is a complete native archive under the current Canonical/LZ-Huffman function leaf.
native_coordinate_basis_incremental_ablation,alice29.txt:block-0025,real,4096,bounded_incomplete,"min(no-coordinate,whole-coordinate)",2984,2984,0,0.000000000,no-coordinate,3,2984,2992,3104,false,true,false,datasets/data/canterbury/alice29.txt,Frozen 73-block real development scan. Each value is a complete native archive under the current Canonical/LZ-Huffman function leaf.
native_coordinate_basis_incremental_ablation,alice29.txt:block-0021,real,4096,bounded_incomplete,"min(no-coordinate,whole-coordinate)",2988,2988,0,0.000000000,no-coordinate,3,2988,2996,3112,false,true,false,datasets/data/canterbury/alice29.txt,Frozen 73-block real development scan. Each value is a complete native archive under the current Canonical/LZ-Huffman function leaf.
native_coordinate_basis_incremental_ablation,alice29.txt:block-0019,real,4096,bounded_incomplete,"min(no-coordinate,whole-coordinate)",2990,2990,0,0.000000000,no-coordinate,3,2990,2998,3105,false,true,false,datasets/data/canterbury/alice29.txt,Frozen 73-block real development scan. Each value is a complete native archive under the current Canonical/LZ-Huffman function leaf.
native_coordinate_basis_incremental_ablation,alice29.txt:block-0020,real,4096,bounded_incomplete,"min(no-coordinate,whole-coordinate)",2992,2992,0,0.000000000,no-coordinate,3,2992,3000,3114,false,true,false,datasets/data/canterbury/alice29.txt,Frozen 73-block real development scan. Each value is a complete native archive under the current Canonical/LZ-Huffman function leaf.
native_coordinate_basis_incremental_ablation,alice29.txt:block-0012,real,4096,bounded_incomplete,"min(no-coordinate,whole-coordinate)",2999,2999,0,0.000000000,no-coordinate,3,2999,3007,3120,false,true,false,datasets/data/canterbury/alice29.txt,Frozen 73-block real development scan. Each value is a complete native archive under the current Canonical/LZ-Huffman function leaf.
native_coordinate_basis_incremental_ablation,alice29.txt:block-0010,real,4096,bounded_incomplete,"min(no-coordinate,whole-coordinate)",2999,2999,0,0.000000000,no-coordinate,3,2999,3007,3121,false,true,false,datasets/data/canterbury/alice29.txt,Frozen 73-block real development scan. Each value is a complete native archive under the current Canonical/LZ-Huffman function leaf.
native_coordinate_basis_incremental_ablation,alice29.txt:block-0006,real,4096,bounded_incomplete,"min(no-coordinate,whole-coordinate)",3002,3002,0,0.000000000,no-coordinate,3,3002,3010,3131,false,true,false,datasets/data/canterbury/alice29.txt,Frozen 73-block real development scan. Each value is a complete native archive under the current Canonical/LZ-Huffman function leaf.
native_coordinate_basis_incremental_ablation,alice29.txt:block-0030,real,4096,bounded_incomplete,"min(no-coordinate,whole-coordinate)",3009,3009,0,0.000000000,no-coordinate,3,3009,3017,3136,false,true,false,datasets/data/canterbury/alice29.txt,Frozen 73-block real development scan. Each value is a complete native archive under the current Canonical/LZ-Huffman function leaf.
native_coordinate_basis_incremental_ablation,alice29.txt:block-0028,real,4096,bounded_incomplete,"min(no-coordinate,whole-coordinate)",3015,3015,0,0.000000000,no-coordinate,3,3015,3023,3134,false,true,false,datasets/data/canterbury/alice29.txt,Frozen 73-block real development scan. Each value is a complete native archive under the current Canonical/LZ-Huffman function leaf.
native_coordinate_basis_incremental_ablation,alice29.txt:block-0027,real,4096,bounded_incomplete,"min(no-coordinate,whole-coordinate)",3015,3015,0,0.000000000,no-coordinate,3,3015,3023,3141,false,true,false,datasets/data/canterbury/alice29.txt,Frozen 73-block real development scan. Each value is a complete native archive under the current Canonical/LZ-Huffman function leaf.
native_coordinate_basis_incremental_ablation,progc:block-0002,real,4096,bounded_incomplete,"min(no-coordinate,whole-coordinate)",3039,3039,0,0.000000000,no-coordinate,3,3039,3047,3579,false,true,false,datasets/data/calgary/progc,Frozen 73-block real development scan. Each value is a complete native archive under the current Canonical/LZ-Huffman function leaf.
native_coordinate_basis_incremental_ablation,progc:block-0000,real,4096,bounded_incomplete,"min(no-coordinate,whole-coordinate)",3131,3131,0,0.000000000,no-coordinate,3,3131,3139,3587,false,true,false,datasets/data/calgary/progc,Frozen 73-block real development scan. Each value is a complete native archive under the current Canonical/LZ-Huffman function leaf.
native_coordinate_basis_incremental_ablation,progc:block-0005,real,4096,bounded_incomplete,"min(no-coordinate,whole-coordinate)",3133,3133,0,0.000000000,no-coordinate,3,3133,3141,3390,false,true,false,datasets/data/calgary/progc,Frozen 73-block real development scan. Each value is a complete native archive under the current Canonical/LZ-Huffman function leaf.
native_coordinate_basis_incremental_ablation,progc:block-0003,real,4096,bounded_incomplete,"min(no-coordinate,whole-coordinate)",3163,3163,0,0.000000000,no-coordinate,3,3163,3171,3398,false,true,false,datasets/data/calgary/progc,Frozen 73-block real development scan. Each value is a complete native archive under the current Canonical/LZ-Huffman function leaf.
native_coordinate_basis_incremental_ablation,progc:block-0007,real,4096,bounded_incomplete,"min(no-coordinate,whole-coordinate)",3197,3197,0,0.000000000,no-coordinate,3,3197,3205,3405,false,true,false,datasets/data/calgary/progc,Frozen 73-block real development scan. Each value is a complete native archive under the current Canonical/LZ-Huffman function leaf.
native_coordinate_basis_incremental_ablation,progc:block-0006,real,4096,bounded_incomplete,"min(no-coordinate,whole-coordinate)",3210,3210,0,0.000000000,no-coordinate,3,3210,3218,3391,false,true,false,datasets/data/calgary/progc,Frozen 73-block real development scan. Each value is a complete native archive under the current Canonical/LZ-Huffman function leaf.
native_coordinate_basis_incremental_ablation,progc:block-0001,real,4096,bounded_incomplete,"min(no-coordinate,whole-coordinate)",3211,3211,0,0.000000000,no-coordinate,3,3211,3219,3365,false,true,false,datasets/data/calgary/progc,Frozen 73-block real development scan. Each value is a complete native archive under the current Canonical/LZ-Huffman function leaf.
