schema_version,run_id,profile,corpus,input_path,input_name,input_license,input_provenance,input_manifest,input_manifest_sha256,input_manifest_verified,input_sha256,input_entropy_bits_per_byte,original_bytes,codec,codec_family,codec_level,variant,threads,status,error,successful_repeats,requested_repeats,compressed_bytes,ratio,savings,savings_percent,bits_per_byte,expansion_percent,compression_seconds,decompression_seconds,compression_mbps,decompression_mbps,compression_cpu_seconds,decompression_cpu_seconds,peak_rss_bytes,roundtrip_verified,deterministic_archive,archive_sha256,restored_sha256,transform,segment_count,mean_segment_size,median_segment_size,model_distribution_json,residual_distribution_json,model_parameter_bytes,partition_metadata_bytes,residual_bytes,container_overhead_bytes,raw_model_percent,raw_fallback_percent,estimated_residual_entropy,actual_residual_coded_bytes,math_segments_winning_raw,math_segments_winning_zstd,search_seconds,model_fitting_seconds,residual_coding_seconds,command_lines_json,tags_json
mathzip-benchmark-results-v1,20260724T140810Z-c825d7e1,git-copy-ablation,git_snapshots_individual,datasets/generated/git_snapshots/versions/v1/README.md,README.md,CC0-1.0,python/mathzip_bench/auxiliary.py and datasets/generated/git_snapshots/manifest.json,datasets/generated/git_snapshots/manifest.json,29fa52474b45926c01eeac75801369e4cb4ae7ec670016a72847a26373b5c72b,true,fadae8f3afc304a1640cfe5f67e69af7656ab681f5a363f79c4ae016fbd91e08,3.9764499732851233,8704,mathzip-balanced-copy-on,mathzip,balanced,Copy/reference enabled,1,ok,,3,3,192,45.333333333333336,0.9779411764705882,97.79411764705883,0.17647058823529413,0.0,0.19717435399070382,0.004077343997778371,0.04414367195244046,2.134722997309661,0.1929249999999999,0.0034359999999999946,3620864.0,true,true,832cd6dc5f7eb57758786925e1a4fa2abb5152c27aed08cdb72f36d36815be3e,fadae8f3afc304a1640cfe5f67e69af7656ab681f5a363f79c4ae016fbd91e08,"[{""type"":""identity""}]",1,8704.0,8704.0,"{""periodic"":1}","{""sparse"":1}",35,36,1,120,0.0,0.0,0.0,1,1,1,0.002355056,0.020241184,0.166751651,"[""'<repo>/target/release/mathzip' compress --mode balanced --max-input-bytes 8589934592 --no-sync --force --models raw,constant,affine,polynomial,periodic,recurrence,piecewise-linear,run,sparse,copy --residual-coders raw,rle,zero-run,sparse,bit-pack --transforms identity,delta,xor,bit-plane,stride --segmentation adaptive '<repo>/datasets/generated/git_snapshots/versions/v1/README.md' '<work>/archive.mz'"",""'<repo>/target/release/mathzip' compress --mode balanced --max-input-bytes 8589934592 --no-sync --force --models raw,constant,affine,polynomial,periodic,recurrence,piecewise-linear,run,sparse,copy --residual-coders raw,rle,zero-run,sparse,bit-pack --transforms identity,delta,xor,bit-plane,stride --segmentation adaptive --metrics-output '<work>/metrics-probe.mz.metrics.json' '<repo>/datasets/generated/git_snapshots/versions/v1/README.md' '<work>/metrics-probe.mz'"",""'<repo>/target/release/mathzip' decompress --max-archive-bytes 17179869184 --max-output-bytes 8589934592 --max-segments 8388608 --no-sync --force '<work>/archive.mz' '<work>/restored.bin'""]",{}
mathzip-benchmark-results-v1,20260724T140810Z-c825d7e1,git-copy-ablation,git_snapshots_individual,datasets/generated/git_snapshots/versions/v1/README.md,README.md,CC0-1.0,python/mathzip_bench/auxiliary.py and datasets/generated/git_snapshots/manifest.json,datasets/generated/git_snapshots/manifest.json,29fa52474b45926c01eeac75801369e4cb4ae7ec670016a72847a26373b5c72b,true,fadae8f3afc304a1640cfe5f67e69af7656ab681f5a363f79c4ae016fbd91e08,3.9764499732851233,8704,mathzip-balanced-copy-off,mathzip,balanced,Copy/reference disabled,1,ok,,3,3,192,45.333333333333336,0.9779411764705882,97.79411764705883,0.17647058823529413,0.0,0.19386861800740007,0.004611907002981752,0.04489638441466459,1.8872887060325745,0.19294600000000006,0.0035809999999996123,3645440.0,true,true,832cd6dc5f7eb57758786925e1a4fa2abb5152c27aed08cdb72f36d36815be3e,fadae8f3afc304a1640cfe5f67e69af7656ab681f5a363f79c4ae016fbd91e08,"[{""type"":""identity""}]",1,8704.0,8704.0,"{""periodic"":1}","{""sparse"":1}",35,36,1,120,0.0,0.0,0.0,1,1,1,0.00231088,0.020204425,0.16651068,"[""'<repo>/target/release/mathzip' compress --mode balanced --max-input-bytes 8589934592 --no-sync --force --models raw,constant,affine,polynomial,periodic,recurrence,piecewise-linear,run,sparse,copy --residual-coders raw,rle,zero-run,sparse,bit-pack --transforms identity,delta,xor,bit-plane,stride --segmentation adaptive --no-copy-model '<repo>/datasets/generated/git_snapshots/versions/v1/README.md' '<work>/archive.mz'"",""'<repo>/target/release/mathzip' compress --mode balanced --max-input-bytes 8589934592 --no-sync --force --models raw,constant,affine,polynomial,periodic,recurrence,piecewise-linear,run,sparse,copy --residual-coders raw,rle,zero-run,sparse,bit-pack --transforms identity,delta,xor,bit-plane,stride --segmentation adaptive --no-copy-model --metrics-output '<work>/metrics-probe.mz.metrics.json' '<repo>/datasets/generated/git_snapshots/versions/v1/README.md' '<work>/metrics-probe.mz'"",""'<repo>/target/release/mathzip' decompress --max-archive-bytes 17179869184 --max-output-bytes 8589934592 --max-segments 8388608 --no-sync --force '<work>/archive.mz' '<work>/restored.bin'""]",{}
mathzip-benchmark-results-v1,20260724T140810Z-c825d7e1,git-copy-ablation,git_snapshots_individual,datasets/generated/git_snapshots/versions/v1/README.md,README.md,CC0-1.0,python/mathzip_bench/auxiliary.py and datasets/generated/git_snapshots/manifest.json,datasets/generated/git_snapshots/manifest.json,29fa52474b45926c01eeac75801369e4cb4ae7ec670016a72847a26373b5c72b,true,fadae8f3afc304a1640cfe5f67e69af7656ab681f5a363f79c4ae016fbd91e08,3.9764499732851233,8704,zstd-default,zstd,default,,1,ok,,3,3,57,152.7017543859649,0.9934512867647058,99.34512867647058,0.05238970588235294,0.0,0.0044400360056897625,0.004004680988145992,1.9603444631633855,2.1734565189497417,0.003997000000000028,0.003587000000000007,339968.0,true,true,8e198a73faed4e4b5ebd93a3af364dcaefa87bc24b46cefe38dd5589b91a45bc,fadae8f3afc304a1640cfe5f67e69af7656ab681f5a363f79c4ae016fbd91e08,,,,,,,,,,,,,,,,,,,,"[""'<external>/zstd' -q -d -c '<work>/archive.zst'"",""'<external>/zstd' -q -f -T1 -3 -c '<repo>/datasets/generated/git_snapshots/versions/v1/README.md'""]",{}
mathzip-benchmark-results-v1,20260724T140810Z-c825d7e1,git-copy-ablation,git_snapshots_individual,datasets/generated/git_snapshots/versions/v1/src/lib.rs,lib.rs,CC0-1.0,python/mathzip_bench/auxiliary.py and datasets/generated/git_snapshots/manifest.json,datasets/generated/git_snapshots/manifest.json,29fa52474b45926c01eeac75801369e4cb4ae7ec670016a72847a26373b5c72b,true,b11a2976b6de2becd79d1b19095e7d34d4722eeae730d2ce4e56f5a47b2dc384,4.2138441622025065,13312,mathzip-balanced-copy-on,mathzip,balanced,Copy/reference enabled,1,ok,,3,3,210,63.39047619047619,0.9842247596153846,98.42247596153845,0.12620192307692307,0.0,0.6946124399983091,0.004495217988733202,0.019164643812069365,2.9613691779498006,0.693575,0.0036969999999998393,3719168.0,true,true,ea853ae7d0bc0b7ed328fff66d9963f6bc0643f513d330aed7866c088044b2a7,b11a2976b6de2becd79d1b19095e7d34d4722eeae730d2ce4e56f5a47b2dc384,"[{""type"":""identity""}]",1,13312.0,13312.0,"{""periodic"":1}","{""sparse"":1}",53,36,1,120,0.0,0.0,0.0,1,1,1,0.005032632,0.06714431,0.619637463,"[""'<repo>/target/release/mathzip' compress --mode balanced --max-input-bytes 8589934592 --no-sync --force --models raw,constant,affine,polynomial,periodic,recurrence,piecewise-linear,run,sparse,copy --residual-coders raw,rle,zero-run,sparse,bit-pack --transforms identity,delta,xor,bit-plane,stride --segmentation adaptive '<repo>/datasets/generated/git_snapshots/versions/v1/src/lib.rs' '<work>/archive.mz'"",""'<repo>/target/release/mathzip' compress --mode balanced --max-input-bytes 8589934592 --no-sync --force --models raw,constant,affine,polynomial,periodic,recurrence,piecewise-linear,run,sparse,copy --residual-coders raw,rle,zero-run,sparse,bit-pack --transforms identity,delta,xor,bit-plane,stride --segmentation adaptive --metrics-output '<work>/metrics-probe.mz.metrics.json' '<repo>/datasets/generated/git_snapshots/versions/v1/src/lib.rs' '<work>/metrics-probe.mz'"",""'<repo>/target/release/mathzip' decompress --max-archive-bytes 17179869184 --max-output-bytes 8589934592 --max-segments 8388608 --no-sync --force '<work>/archive.mz' '<work>/restored.bin'""]",{}
mathzip-benchmark-results-v1,20260724T140810Z-c825d7e1,git-copy-ablation,git_snapshots_individual,datasets/generated/git_snapshots/versions/v1/src/lib.rs,lib.rs,CC0-1.0,python/mathzip_bench/auxiliary.py and datasets/generated/git_snapshots/manifest.json,datasets/generated/git_snapshots/manifest.json,29fa52474b45926c01eeac75801369e4cb4ae7ec670016a72847a26373b5c72b,true,b11a2976b6de2becd79d1b19095e7d34d4722eeae730d2ce4e56f5a47b2dc384,4.2138441622025065,13312,mathzip-balanced-copy-off,mathzip,balanced,Copy/reference disabled,1,ok,,3,3,210,63.39047619047619,0.9842247596153846,98.42247596153845,0.12620192307692307,0.0,0.7001414319965988,0.0081195749953622,0.019013301301192907,1.639494678921452,0.6971429999999987,0.0038220000000013243,3764224.0,true,true,ea853ae7d0bc0b7ed328fff66d9963f6bc0643f513d330aed7866c088044b2a7,b11a2976b6de2becd79d1b19095e7d34d4722eeae730d2ce4e56f5a47b2dc384,"[{""type"":""identity""}]",1,13312.0,13312.0,"{""periodic"":1}","{""sparse"":1}",53,36,1,120,0.0,0.0,0.0,1,1,1,0.005176312,0.06697964,0.619514505,"[""'<repo>/target/release/mathzip' compress --mode balanced --max-input-bytes 8589934592 --no-sync --force --models raw,constant,affine,polynomial,periodic,recurrence,piecewise-linear,run,sparse,copy --residual-coders raw,rle,zero-run,sparse,bit-pack --transforms identity,delta,xor,bit-plane,stride --segmentation adaptive --no-copy-model '<repo>/datasets/generated/git_snapshots/versions/v1/src/lib.rs' '<work>/archive.mz'"",""'<repo>/target/release/mathzip' compress --mode balanced --max-input-bytes 8589934592 --no-sync --force --models raw,constant,affine,polynomial,periodic,recurrence,piecewise-linear,run,sparse,copy --residual-coders raw,rle,zero-run,sparse,bit-pack --transforms identity,delta,xor,bit-plane,stride --segmentation adaptive --no-copy-model --metrics-output '<work>/metrics-probe.mz.metrics.json' '<repo>/datasets/generated/git_snapshots/versions/v1/src/lib.rs' '<work>/metrics-probe.mz'"",""'<repo>/target/release/mathzip' decompress --max-archive-bytes 17179869184 --max-output-bytes 8589934592 --max-segments 8388608 --no-sync --force '<work>/archive.mz' '<work>/restored.bin'""]",{}
mathzip-benchmark-results-v1,20260724T140810Z-c825d7e1,git-copy-ablation,git_snapshots_individual,datasets/generated/git_snapshots/versions/v1/src/lib.rs,lib.rs,CC0-1.0,python/mathzip_bench/auxiliary.py and datasets/generated/git_snapshots/manifest.json,datasets/generated/git_snapshots/manifest.json,29fa52474b45926c01eeac75801369e4cb4ae7ec670016a72847a26373b5c72b,true,b11a2976b6de2becd79d1b19095e7d34d4722eeae730d2ce4e56f5a47b2dc384,4.2138441622025065,13312,zstd-default,zstd,default,,1,ok,,3,3,73,182.35616438356163,0.9945162259615384,99.45162259615384,0.043870192307692304,0.0,0.005834512005094439,0.005030783999245614,2.281596128069759,2.6461084399561154,0.005219000000002083,0.0035639999999990124,397312.0,true,true,163107099ac54d03f92505dba456269a54d88b8364bc0710bc297bd36003c540,b11a2976b6de2becd79d1b19095e7d34d4722eeae730d2ce4e56f5a47b2dc384,,,,,,,,,,,,,,,,,,,,"[""'<external>/zstd' -q -d -c '<work>/archive.zst'"",""'<external>/zstd' -q -f -T1 -3 -c '<repo>/datasets/generated/git_snapshots/versions/v1/src/lib.rs'""]",{}
mathzip-benchmark-results-v1,20260724T140810Z-c825d7e1,git-copy-ablation,git_snapshots_individual,datasets/generated/git_snapshots/versions/v1/src/main.rs,main.rs,CC0-1.0,python/mathzip_bench/auxiliary.py and datasets/generated/git_snapshots/manifest.json,datasets/generated/git_snapshots/manifest.json,29fa52474b45926c01eeac75801369e4cb4ae7ec670016a72847a26373b5c72b,true,f9af272549b3e24cb6842bcc900f28ee0ec67c2e3aa35b3663746bc01756227c,4.237178542627948,9472,mathzip-balanced-copy-on,mathzip,balanced,Copy/reference enabled,1,ok,,3,3,195,48.57435897435897,0.9794130067567568,97.94130067567568,0.16469594594594594,0.0,0.201900662999833,0.006907983988639899,0.0469141599599791,1.3711670460696777,0.201098,0.003795000000000215,3641344.0,true,true,cd943ee9955fa92d503596649bc2f1540a89549d7c8ed62341adac79b7c73940,f9af272549b3e24cb6842bcc900f28ee0ec67c2e3aa35b3663746bc01756227c,"[{""type"":""identity""}]",1,9472.0,9472.0,"{""periodic"":1}","{""sparse"":1}",38,36,1,120,0.0,0.0,0.0,1,1,1,0.002457733,0.019680808,0.175206368,"[""'<repo>/target/release/mathzip' compress --mode balanced --max-input-bytes 8589934592 --no-sync --force --models raw,constant,affine,polynomial,periodic,recurrence,piecewise-linear,run,sparse,copy --residual-coders raw,rle,zero-run,sparse,bit-pack --transforms identity,delta,xor,bit-plane,stride --segmentation adaptive '<repo>/datasets/generated/git_snapshots/versions/v1/src/main.rs' '<work>/archive.mz'"",""'<repo>/target/release/mathzip' compress --mode balanced --max-input-bytes 8589934592 --no-sync --force --models raw,constant,affine,polynomial,periodic,recurrence,piecewise-linear,run,sparse,copy --residual-coders raw,rle,zero-run,sparse,bit-pack --transforms identity,delta,xor,bit-plane,stride --segmentation adaptive --metrics-output '<work>/metrics-probe.mz.metrics.json' '<repo>/datasets/generated/git_snapshots/versions/v1/src/main.rs' '<work>/metrics-probe.mz'"",""'<repo>/target/release/mathzip' decompress --max-archive-bytes 17179869184 --max-output-bytes 8589934592 --max-segments 8388608 --no-sync --force '<work>/archive.mz' '<work>/restored.bin'""]",{}
mathzip-benchmark-results-v1,20260724T140810Z-c825d7e1,git-copy-ablation,git_snapshots_individual,datasets/generated/git_snapshots/versions/v1/src/main.rs,main.rs,CC0-1.0,python/mathzip_bench/auxiliary.py and datasets/generated/git_snapshots/manifest.json,datasets/generated/git_snapshots/manifest.json,29fa52474b45926c01eeac75801369e4cb4ae7ec670016a72847a26373b5c72b,true,f9af272549b3e24cb6842bcc900f28ee0ec67c2e3aa35b3663746bc01756227c,4.237178542627948,9472,mathzip-balanced-copy-off,mathzip,balanced,Copy/reference disabled,1,ok,,3,3,195,48.57435897435897,0.9794130067567568,97.94130067567568,0.16469594594594594,0.0,0.20273510199331213,0.004988610002328642,0.046721065601715406,1.8987252953384908,0.20096299999999978,0.004103000000000634,3665920.0,true,true,cd943ee9955fa92d503596649bc2f1540a89549d7c8ed62341adac79b7c73940,f9af272549b3e24cb6842bcc900f28ee0ec67c2e3aa35b3663746bc01756227c,"[{""type"":""identity""}]",1,9472.0,9472.0,"{""periodic"":1}","{""sparse"":1}",38,36,1,120,0.0,0.0,0.0,1,1,1,0.002483541,0.020052142,0.176026228,"[""'<repo>/target/release/mathzip' compress --mode balanced --max-input-bytes 8589934592 --no-sync --force --models raw,constant,affine,polynomial,periodic,recurrence,piecewise-linear,run,sparse,copy --residual-coders raw,rle,zero-run,sparse,bit-pack --transforms identity,delta,xor,bit-plane,stride --segmentation adaptive --no-copy-model '<repo>/datasets/generated/git_snapshots/versions/v1/src/main.rs' '<work>/archive.mz'"",""'<repo>/target/release/mathzip' compress --mode balanced --max-input-bytes 8589934592 --no-sync --force --models raw,constant,affine,polynomial,periodic,recurrence,piecewise-linear,run,sparse,copy --residual-coders raw,rle,zero-run,sparse,bit-pack --transforms identity,delta,xor,bit-plane,stride --segmentation adaptive --no-copy-model --metrics-output '<work>/metrics-probe.mz.metrics.json' '<repo>/datasets/generated/git_snapshots/versions/v1/src/main.rs' '<work>/metrics-probe.mz'"",""'<repo>/target/release/mathzip' decompress --max-archive-bytes 17179869184 --max-output-bytes 8589934592 --max-segments 8388608 --no-sync --force '<work>/archive.mz' '<work>/restored.bin'""]",{}
mathzip-benchmark-results-v1,20260724T140810Z-c825d7e1,git-copy-ablation,git_snapshots_individual,datasets/generated/git_snapshots/versions/v1/src/main.rs,main.rs,CC0-1.0,python/mathzip_bench/auxiliary.py and datasets/generated/git_snapshots/manifest.json,datasets/generated/git_snapshots/manifest.json,29fa52474b45926c01eeac75801369e4cb4ae7ec670016a72847a26373b5c72b,true,f9af272549b3e24cb6842bcc900f28ee0ec67c2e3aa35b3663746bc01756227c,4.237178542627948,9472,zstd-default,zstd,default,,1,ok,,3,3,60,157.86666666666667,0.9936655405405406,99.36655405405406,0.05067567567567568,0.0,0.005233250005403534,0.006499160997918807,1.8099651249643705,1.4574188888432167,0.004566999999999766,0.00607700000000122,372736.0,true,true,02f1b43e62592ab3e260d05aa5319be6e477311b9e3dca3d3df9131d51179bc5,f9af272549b3e24cb6842bcc900f28ee0ec67c2e3aa35b3663746bc01756227c,,,,,,,,,,,,,,,,,,,,"[""'<external>/zstd' -q -d -c '<work>/archive.zst'"",""'<external>/zstd' -q -f -T1 -3 -c '<repo>/datasets/generated/git_snapshots/versions/v1/src/main.rs'""]",{}
mathzip-benchmark-results-v1,20260724T140810Z-c825d7e1,git-copy-ablation,git_snapshots_individual,datasets/generated/git_snapshots/versions/v2/README.md,README.md,CC0-1.0,python/mathzip_bench/auxiliary.py and datasets/generated/git_snapshots/manifest.json,datasets/generated/git_snapshots/manifest.json,29fa52474b45926c01eeac75801369e4cb4ae7ec670016a72847a26373b5c72b,true,f2a022dbb511e1c2c5819c62d27c85915122a5eb0931be705b830acade14351e,4.4051876989901,12288,mathzip-balanced-copy-on,mathzip,balanced,Copy/reference enabled,1,ok,,3,3,206,59.650485436893206,0.9832356770833334,98.32356770833334,0.13411458333333334,0.0,0.5601995449978858,0.00499420499545522,0.021935041021938665,2.460451665717008,0.556519999999999,0.003847000000000378,3657728.0,true,true,ca3354eb4932cbb971c8a8f8fbb98759de9b80603cda1c271791299fb82f5f9e,f2a022dbb511e1c2c5819c62d27c85915122a5eb0931be705b830acade14351e,"[{""type"":""identity""}]",1,12288.0,12288.0,"{""periodic"":1}","{""sparse"":1}",49,36,1,120,0.0,0.0,0.0,1,1,1,0.004709989,0.059111193,0.488366807,"[""'<repo>/target/release/mathzip' compress --mode balanced --max-input-bytes 8589934592 --no-sync --force --models raw,constant,affine,polynomial,periodic,recurrence,piecewise-linear,run,sparse,copy --residual-coders raw,rle,zero-run,sparse,bit-pack --transforms identity,delta,xor,bit-plane,stride --segmentation adaptive '<repo>/datasets/generated/git_snapshots/versions/v2/README.md' '<work>/archive.mz'"",""'<repo>/target/release/mathzip' compress --mode balanced --max-input-bytes 8589934592 --no-sync --force --models raw,constant,affine,polynomial,periodic,recurrence,piecewise-linear,run,sparse,copy --residual-coders raw,rle,zero-run,sparse,bit-pack --transforms identity,delta,xor,bit-plane,stride --segmentation adaptive --metrics-output '<work>/metrics-probe.mz.metrics.json' '<repo>/datasets/generated/git_snapshots/versions/v2/README.md' '<work>/metrics-probe.mz'"",""'<repo>/target/release/mathzip' decompress --max-archive-bytes 17179869184 --max-output-bytes 8589934592 --max-segments 8388608 --no-sync --force '<work>/archive.mz' '<work>/restored.bin'""]",{}
mathzip-benchmark-results-v1,20260724T140810Z-c825d7e1,git-copy-ablation,git_snapshots_individual,datasets/generated/git_snapshots/versions/v2/README.md,README.md,CC0-1.0,python/mathzip_bench/auxiliary.py and datasets/generated/git_snapshots/manifest.json,datasets/generated/git_snapshots/manifest.json,29fa52474b45926c01eeac75801369e4cb4ae7ec670016a72847a26373b5c72b,true,f2a022dbb511e1c2c5819c62d27c85915122a5eb0931be705b830acade14351e,4.4051876989901,12288,mathzip-balanced-copy-off,mathzip,balanced,Copy/reference disabled,1,ok,,3,3,206,59.650485436893206,0.9832356770833334,98.32356770833334,0.13411458333333334,0.0,0.5562264119944302,0.005043324999860488,0.022091723325290503,2.4364878329950814,0.5516170000000002,0.004103000000000634,3682304.0,true,true,ca3354eb4932cbb971c8a8f8fbb98759de9b80603cda1c271791299fb82f5f9e,f2a022dbb511e1c2c5819c62d27c85915122a5eb0931be705b830acade14351e,"[{""type"":""identity""}]",1,12288.0,12288.0,"{""periodic"":1}","{""sparse"":1}",49,36,1,120,0.0,0.0,0.0,1,1,1,0.0047043,0.058887548,0.485841124,"[""'<repo>/target/release/mathzip' compress --mode balanced --max-input-bytes 8589934592 --no-sync --force --models raw,constant,affine,polynomial,periodic,recurrence,piecewise-linear,run,sparse,copy --residual-coders raw,rle,zero-run,sparse,bit-pack --transforms identity,delta,xor,bit-plane,stride --segmentation adaptive --no-copy-model '<repo>/datasets/generated/git_snapshots/versions/v2/README.md' '<work>/archive.mz'"",""'<repo>/target/release/mathzip' compress --mode balanced --max-input-bytes 8589934592 --no-sync --force --models raw,constant,affine,polynomial,periodic,recurrence,piecewise-linear,run,sparse,copy --residual-coders raw,rle,zero-run,sparse,bit-pack --transforms identity,delta,xor,bit-plane,stride --segmentation adaptive --no-copy-model --metrics-output '<work>/metrics-probe.mz.metrics.json' '<repo>/datasets/generated/git_snapshots/versions/v2/README.md' '<work>/metrics-probe.mz'"",""'<repo>/target/release/mathzip' decompress --max-archive-bytes 17179869184 --max-output-bytes 8589934592 --max-segments 8388608 --no-sync --force '<work>/archive.mz' '<work>/restored.bin'""]",{}
mathzip-benchmark-results-v1,20260724T140810Z-c825d7e1,git-copy-ablation,git_snapshots_individual,datasets/generated/git_snapshots/versions/v2/README.md,README.md,CC0-1.0,python/mathzip_bench/auxiliary.py and datasets/generated/git_snapshots/manifest.json,datasets/generated/git_snapshots/manifest.json,29fa52474b45926c01eeac75801369e4cb4ae7ec670016a72847a26373b5c72b,true,f2a022dbb511e1c2c5819c62d27c85915122a5eb0931be705b830acade14351e,4.4051876989901,12288,zstd-default,zstd,default,,1,ok,,3,3,71,173.07042253521126,0.9942220052083334,99.42220052083334,0.046223958333333336,0.0,0.007922769000288099,0.006948983995243907,1.5509728984340154,1.7683160600758723,0.007132999999999612,0.006255999999996931,331776.0,true,true,04375738f5156739be4c890156519d61f57d432cbacb0ddff464e9596a811a32,f2a022dbb511e1c2c5819c62d27c85915122a5eb0931be705b830acade14351e,,,,,,,,,,,,,,,,,,,,"[""'<external>/zstd' -q -d -c '<work>/archive.zst'"",""'<external>/zstd' -q -f -T1 -3 -c '<repo>/datasets/generated/git_snapshots/versions/v2/README.md'""]",{}
mathzip-benchmark-results-v1,20260724T140810Z-c825d7e1,git-copy-ablation,git_snapshots_individual,datasets/generated/git_snapshots/versions/v2/src/lib.rs,lib.rs,CC0-1.0,python/mathzip_bench/auxiliary.py and datasets/generated/git_snapshots/manifest.json,datasets/generated/git_snapshots/manifest.json,29fa52474b45926c01eeac75801369e4cb4ae7ec670016a72847a26373b5c72b,true,84bc41933e64f72f597aae6210e10a2e2066ea2665a344ec66435bdf15c061f0,4.239906767177322,23296,mathzip-balanced-copy-on,mathzip,balanced,Copy/reference enabled,1,ok,,3,3,17622,1.3219838837816367,0.24356112637362637,24.356112637362635,6.051510989010989,0.0,1.1877637730067363,0.005304469988914207,0.01961332760724626,4.391767706987923,1.1742530000000002,0.004404999999998438,4136960.0,true,true,0b36ab1e6f9cea0c8058de101761d962cccde899025a42a159e5fb415ecd8e79,84bc41933e64f72f597aae6210e10a2e2066ea2665a344ec66435bdf15c061f0,"[{""type"":""bit_plane""}]",10,2329.6,2432.0,"{""affine"":1,""constant"":2,""periodic"":6,""raw"":1}","{""sparse"":2,""zero_run"":8}",166,360,16976,120,12.087912087912088,0.0,6.113102494087275,16976,9,0,0.008347712,0.077216273,1.083815374,"[""'<repo>/target/release/mathzip' compress --mode balanced --max-input-bytes 8589934592 --no-sync --force --models raw,constant,affine,polynomial,periodic,recurrence,piecewise-linear,run,sparse,copy --residual-coders raw,rle,zero-run,sparse,bit-pack --transforms identity,delta,xor,bit-plane,stride --segmentation adaptive '<repo>/datasets/generated/git_snapshots/versions/v2/src/lib.rs' '<work>/archive.mz'"",""'<repo>/target/release/mathzip' compress --mode balanced --max-input-bytes 8589934592 --no-sync --force --models raw,constant,affine,polynomial,periodic,recurrence,piecewise-linear,run,sparse,copy --residual-coders raw,rle,zero-run,sparse,bit-pack --transforms identity,delta,xor,bit-plane,stride --segmentation adaptive --metrics-output '<work>/metrics-probe.mz.metrics.json' '<repo>/datasets/generated/git_snapshots/versions/v2/src/lib.rs' '<work>/metrics-probe.mz'"",""'<repo>/target/release/mathzip' decompress --max-archive-bytes 17179869184 --max-output-bytes 8589934592 --max-segments 8388608 --no-sync --force '<work>/archive.mz' '<work>/restored.bin'""]",{}
mathzip-benchmark-results-v1,20260724T140810Z-c825d7e1,git-copy-ablation,git_snapshots_individual,datasets/generated/git_snapshots/versions/v2/src/lib.rs,lib.rs,CC0-1.0,python/mathzip_bench/auxiliary.py and datasets/generated/git_snapshots/manifest.json,datasets/generated/git_snapshots/manifest.json,29fa52474b45926c01eeac75801369e4cb4ae7ec670016a72847a26373b5c72b,true,84bc41933e64f72f597aae6210e10a2e2066ea2665a344ec66435bdf15c061f0,4.239906767177322,23296,mathzip-balanced-copy-off,mathzip,balanced,Copy/reference disabled,1,ok,,3,3,17622,1.3219838837816367,0.24356112637362637,24.356112637362635,6.051510989010989,0.0,1.1705221500014886,0.004982119004125707,0.019902229103456414,4.675922028500025,1.1691820000000064,0.004305999999999699,4116480.0,true,true,0b36ab1e6f9cea0c8058de101761d962cccde899025a42a159e5fb415ecd8e79,84bc41933e64f72f597aae6210e10a2e2066ea2665a344ec66435bdf15c061f0,"[{""type"":""bit_plane""}]",10,2329.6,2432.0,"{""affine"":1,""constant"":2,""periodic"":6,""raw"":1}","{""sparse"":2,""zero_run"":8}",166,360,16976,120,12.087912087912088,0.0,6.113102494087275,16976,9,0,0.008042513,0.076098531,1.080105738,"[""'<repo>/target/release/mathzip' compress --mode balanced --max-input-bytes 8589934592 --no-sync --force --models raw,constant,affine,polynomial,periodic,recurrence,piecewise-linear,run,sparse,copy --residual-coders raw,rle,zero-run,sparse,bit-pack --transforms identity,delta,xor,bit-plane,stride --segmentation adaptive --no-copy-model '<repo>/datasets/generated/git_snapshots/versions/v2/src/lib.rs' '<work>/archive.mz'"",""'<repo>/target/release/mathzip' compress --mode balanced --max-input-bytes 8589934592 --no-sync --force --models raw,constant,affine,polynomial,periodic,recurrence,piecewise-linear,run,sparse,copy --residual-coders raw,rle,zero-run,sparse,bit-pack --transforms identity,delta,xor,bit-plane,stride --segmentation adaptive --no-copy-model --metrics-output '<work>/metrics-probe.mz.metrics.json' '<repo>/datasets/generated/git_snapshots/versions/v2/src/lib.rs' '<work>/metrics-probe.mz'"",""'<repo>/target/release/mathzip' decompress --max-archive-bytes 17179869184 --max-output-bytes 8589934592 --max-segments 8388608 --no-sync --force '<work>/archive.mz' '<work>/restored.bin'""]",{}
mathzip-benchmark-results-v1,20260724T140810Z-c825d7e1,git-copy-ablation,git_snapshots_individual,datasets/generated/git_snapshots/versions/v2/src/lib.rs,lib.rs,CC0-1.0,python/mathzip_bench/auxiliary.py and datasets/generated/git_snapshots/manifest.json,datasets/generated/git_snapshots/manifest.json,29fa52474b45926c01eeac75801369e4cb4ae7ec670016a72847a26373b5c72b,true,84bc41933e64f72f597aae6210e10a2e2066ea2665a344ec66435bdf15c061f0,4.239906767177322,23296,zstd-default,zstd,default,,1,ok,,3,3,91,256.0,0.99609375,99.609375,0.03125,0.0,0.00480829800653737,0.004551249003270641,4.844957606272889,5.118594913892629,0.004289999999990357,0.0035910000000072273,348160.0,true,true,e9f52b479074eb58d10c3907d3f6f4870fa5b1d309048137f27c5517acbadda2,84bc41933e64f72f597aae6210e10a2e2066ea2665a344ec66435bdf15c061f0,,,,,,,,,,,,,,,,,,,,"[""'<external>/zstd' -q -d -c '<work>/archive.zst'"",""'<external>/zstd' -q -f -T1 -3 -c '<repo>/datasets/generated/git_snapshots/versions/v2/src/lib.rs'""]",{}
mathzip-benchmark-results-v1,20260724T140810Z-c825d7e1,git-copy-ablation,git_snapshots_individual,datasets/generated/git_snapshots/versions/v2/src/main.rs,main.rs,CC0-1.0,python/mathzip_bench/auxiliary.py and datasets/generated/git_snapshots/manifest.json,datasets/generated/git_snapshots/manifest.json,29fa52474b45926c01eeac75801369e4cb4ae7ec670016a72847a26373b5c72b,true,4aa8eddec85fffc20b2063ea361bf0961e03ff107dce2f1a8c75b8ca92c198c2,4.237178542627948,9472,mathzip-balanced-copy-on,mathzip,balanced,Copy/reference enabled,1,ok,,3,3,195,48.57435897435897,0.9794130067567568,97.94130067567568,0.16469594594594594,0.0,0.20182672199734952,0.004244866999215446,0.04693134737690676,2.2314008900044815,0.20098899999999986,0.003160999999998637,3686400.0,true,true,fd436ee0613ebecf7c2ad876ff15aa566d9ecc5da4099270b1da979658d37e1b,4aa8eddec85fffc20b2063ea361bf0961e03ff107dce2f1a8c75b8ca92c198c2,"[{""type"":""identity""}]",1,9472.0,9472.0,"{""periodic"":1}","{""sparse"":1}",38,36,1,120,0.0,0.0,0.0,1,1,1,0.0024658,0.019797601,0.175191602,"[""'<repo>/target/release/mathzip' compress --mode balanced --max-input-bytes 8589934592 --no-sync --force --models raw,constant,affine,polynomial,periodic,recurrence,piecewise-linear,run,sparse,copy --residual-coders raw,rle,zero-run,sparse,bit-pack --transforms identity,delta,xor,bit-plane,stride --segmentation adaptive '<repo>/datasets/generated/git_snapshots/versions/v2/src/main.rs' '<work>/archive.mz'"",""'<repo>/target/release/mathzip' compress --mode balanced --max-input-bytes 8589934592 --no-sync --force --models raw,constant,affine,polynomial,periodic,recurrence,piecewise-linear,run,sparse,copy --residual-coders raw,rle,zero-run,sparse,bit-pack --transforms identity,delta,xor,bit-plane,stride --segmentation adaptive --metrics-output '<work>/metrics-probe.mz.metrics.json' '<repo>/datasets/generated/git_snapshots/versions/v2/src/main.rs' '<work>/metrics-probe.mz'"",""'<repo>/target/release/mathzip' decompress --max-archive-bytes 17179869184 --max-output-bytes 8589934592 --max-segments 8388608 --no-sync --force '<work>/archive.mz' '<work>/restored.bin'""]",{}
mathzip-benchmark-results-v1,20260724T140810Z-c825d7e1,git-copy-ablation,git_snapshots_individual,datasets/generated/git_snapshots/versions/v2/src/main.rs,main.rs,CC0-1.0,python/mathzip_bench/auxiliary.py and datasets/generated/git_snapshots/manifest.json,datasets/generated/git_snapshots/manifest.json,29fa52474b45926c01eeac75801369e4cb4ae7ec670016a72847a26373b5c72b,true,4aa8eddec85fffc20b2063ea361bf0961e03ff107dce2f1a8c75b8ca92c198c2,4.237178542627948,9472,mathzip-balanced-copy-off,mathzip,balanced,Copy/reference disabled,1,ok,,3,3,195,48.57435897435897,0.9794130067567568,97.94130067567568,0.16469594594594594,0.0,0.2028858859994216,0.005010925000533462,0.0466863426863858,1.89026976037191,0.20128799999999814,0.003900000000001569,3616768.0,true,true,fd436ee0613ebecf7c2ad876ff15aa566d9ecc5da4099270b1da979658d37e1b,4aa8eddec85fffc20b2063ea361bf0961e03ff107dce2f1a8c75b8ca92c198c2,"[{""type"":""identity""}]",1,9472.0,9472.0,"{""periodic"":1}","{""sparse"":1}",38,36,1,120,0.0,0.0,0.0,1,1,1,0.002492519,0.020051319,0.176307257,"[""'<repo>/target/release/mathzip' compress --mode balanced --max-input-bytes 8589934592 --no-sync --force --models raw,constant,affine,polynomial,periodic,recurrence,piecewise-linear,run,sparse,copy --residual-coders raw,rle,zero-run,sparse,bit-pack --transforms identity,delta,xor,bit-plane,stride --segmentation adaptive --no-copy-model '<repo>/datasets/generated/git_snapshots/versions/v2/src/main.rs' '<work>/archive.mz'"",""'<repo>/target/release/mathzip' compress --mode balanced --max-input-bytes 8589934592 --no-sync --force --models raw,constant,affine,polynomial,periodic,recurrence,piecewise-linear,run,sparse,copy --residual-coders raw,rle,zero-run,sparse,bit-pack --transforms identity,delta,xor,bit-plane,stride --segmentation adaptive --no-copy-model --metrics-output '<work>/metrics-probe.mz.metrics.json' '<repo>/datasets/generated/git_snapshots/versions/v2/src/main.rs' '<work>/metrics-probe.mz'"",""'<repo>/target/release/mathzip' decompress --max-archive-bytes 17179869184 --max-output-bytes 8589934592 --max-segments 8388608 --no-sync --force '<work>/archive.mz' '<work>/restored.bin'""]",{}
mathzip-benchmark-results-v1,20260724T140810Z-c825d7e1,git-copy-ablation,git_snapshots_individual,datasets/generated/git_snapshots/versions/v2/src/main.rs,main.rs,CC0-1.0,python/mathzip_bench/auxiliary.py and datasets/generated/git_snapshots/manifest.json,datasets/generated/git_snapshots/manifest.json,29fa52474b45926c01eeac75801369e4cb4ae7ec670016a72847a26373b5c72b,true,4aa8eddec85fffc20b2063ea361bf0961e03ff107dce2f1a8c75b8ca92c198c2,4.237178542627948,9472,zstd-default,zstd,default,,1,ok,,3,3,60,157.86666666666667,0.9936655405405406,99.36655405405406,0.05067567567567568,0.0,0.004851506004342809,0.0063334900041809306,1.9523834437226648,1.49554195139603,0.00400300000000442,0.005200000000002092,376832.0,true,true,b9e6522e80528367a6233f49e75201a201e540634d5e975d0e7af14a47fe563a,4aa8eddec85fffc20b2063ea361bf0961e03ff107dce2f1a8c75b8ca92c198c2,,,,,,,,,,,,,,,,,,,,"[""'<external>/zstd' -q -d -c '<work>/archive.zst'"",""'<external>/zstd' -q -f -T1 -3 -c '<repo>/datasets/generated/git_snapshots/versions/v2/src/main.rs'""]",{}
mathzip-benchmark-results-v1,20260724T140810Z-c825d7e1,git-copy-ablation,git_snapshots_individual,datasets/generated/git_snapshots/versions/v2/tests/smoke.rs,smoke.rs,CC0-1.0,python/mathzip_bench/auxiliary.py and datasets/generated/git_snapshots/manifest.json,datasets/generated/git_snapshots/manifest.json,29fa52474b45926c01eeac75801369e4cb4ae7ec670016a72847a26373b5c72b,true,08bede3427d57226d1db78395495bdb04d6fc4ef5a18ef103ea40942dd0e3af7,4.416155941739304,11520,mathzip-balanced-copy-on,mathzip,balanced,Copy/reference enabled,1,ok,,3,3,203,56.748768472906406,0.9823784722222222,98.23784722222221,0.14097222222222222,0.0,0.2664803310035495,0.004418384996824898,0.043230207485169155,2.607287506244568,0.26416499999999843,0.0035600000000002296,3723264.0,true,true,92d513b9923bbed988b6d55c3d5cfe790d8dcae52e60716004b1698e4c435c76,08bede3427d57226d1db78395495bdb04d6fc4ef5a18ef103ea40942dd0e3af7,"[{""type"":""identity""}]",1,11520.0,11520.0,"{""periodic"":1}","{""sparse"":1}",46,36,1,120,0.0,0.0,0.0,1,1,1,0.003081973,0.024400803,0.233011574,"[""'<repo>/target/release/mathzip' compress --mode balanced --max-input-bytes 8589934592 --no-sync --force --models raw,constant,affine,polynomial,periodic,recurrence,piecewise-linear,run,sparse,copy --residual-coders raw,rle,zero-run,sparse,bit-pack --transforms identity,delta,xor,bit-plane,stride --segmentation adaptive '<repo>/datasets/generated/git_snapshots/versions/v2/tests/smoke.rs' '<work>/archive.mz'"",""'<repo>/target/release/mathzip' compress --mode balanced --max-input-bytes 8589934592 --no-sync --force --models raw,constant,affine,polynomial,periodic,recurrence,piecewise-linear,run,sparse,copy --residual-coders raw,rle,zero-run,sparse,bit-pack --transforms identity,delta,xor,bit-plane,stride --segmentation adaptive --metrics-output '<work>/metrics-probe.mz.metrics.json' '<repo>/datasets/generated/git_snapshots/versions/v2/tests/smoke.rs' '<work>/metrics-probe.mz'"",""'<repo>/target/release/mathzip' decompress --max-archive-bytes 17179869184 --max-output-bytes 8589934592 --max-segments 8388608 --no-sync --force '<work>/archive.mz' '<work>/restored.bin'""]",{}
mathzip-benchmark-results-v1,20260724T140810Z-c825d7e1,git-copy-ablation,git_snapshots_individual,datasets/generated/git_snapshots/versions/v2/tests/smoke.rs,smoke.rs,CC0-1.0,python/mathzip_bench/auxiliary.py and datasets/generated/git_snapshots/manifest.json,datasets/generated/git_snapshots/manifest.json,29fa52474b45926c01eeac75801369e4cb4ae7ec670016a72847a26373b5c72b,true,08bede3427d57226d1db78395495bdb04d6fc4ef5a18ef103ea40942dd0e3af7,4.416155941739304,11520,mathzip-balanced-copy-off,mathzip,balanced,Copy/reference disabled,1,ok,,3,3,203,56.748768472906406,0.9823784722222222,98.23784722222221,0.14097222222222222,0.0,0.26566149899736047,0.004418094991706312,0.043363453279748526,2.6074586494010314,0.2645379999999946,0.0036109999999993647,3727360.0,true,true,92d513b9923bbed988b6d55c3d5cfe790d8dcae52e60716004b1698e4c435c76,08bede3427d57226d1db78395495bdb04d6fc4ef5a18ef103ea40942dd0e3af7,"[{""type"":""identity""}]",1,11520.0,11520.0,"{""periodic"":1}","{""sparse"":1}",46,36,1,120,0.0,0.0,0.0,1,1,1,0.003072845,0.02445015,0.233235533,"[""'<repo>/target/release/mathzip' compress --mode balanced --max-input-bytes 8589934592 --no-sync --force --models raw,constant,affine,polynomial,periodic,recurrence,piecewise-linear,run,sparse,copy --residual-coders raw,rle,zero-run,sparse,bit-pack --transforms identity,delta,xor,bit-plane,stride --segmentation adaptive --no-copy-model '<repo>/datasets/generated/git_snapshots/versions/v2/tests/smoke.rs' '<work>/archive.mz'"",""'<repo>/target/release/mathzip' compress --mode balanced --max-input-bytes 8589934592 --no-sync --force --models raw,constant,affine,polynomial,periodic,recurrence,piecewise-linear,run,sparse,copy --residual-coders raw,rle,zero-run,sparse,bit-pack --transforms identity,delta,xor,bit-plane,stride --segmentation adaptive --no-copy-model --metrics-output '<work>/metrics-probe.mz.metrics.json' '<repo>/datasets/generated/git_snapshots/versions/v2/tests/smoke.rs' '<work>/metrics-probe.mz'"",""'<repo>/target/release/mathzip' decompress --max-archive-bytes 17179869184 --max-output-bytes 8589934592 --max-segments 8388608 --no-sync --force '<work>/archive.mz' '<work>/restored.bin'""]",{}
mathzip-benchmark-results-v1,20260724T140810Z-c825d7e1,git-copy-ablation,git_snapshots_individual,datasets/generated/git_snapshots/versions/v2/tests/smoke.rs,smoke.rs,CC0-1.0,python/mathzip_bench/auxiliary.py and datasets/generated/git_snapshots/manifest.json,datasets/generated/git_snapshots/manifest.json,29fa52474b45926c01eeac75801369e4cb4ae7ec670016a72847a26373b5c72b,true,08bede3427d57226d1db78395495bdb04d6fc4ef5a18ef103ea40942dd0e3af7,4.416155941739304,11520,zstd-default,zstd,default,,1,ok,,3,3,68,169.41176470588235,0.9940972222222222,99.40972222222221,0.04722222222222222,0.0,0.004925098997773603,0.004315019003115594,2.3390392772221698,2.669744905336954,0.004218999999999085,0.003809999999994318,344064.0,true,true,0ff0290a70f1987ccc09533da202be2f60da4fc0ce5ad740dbcadc78e892a481,08bede3427d57226d1db78395495bdb04d6fc4ef5a18ef103ea40942dd0e3af7,,,,,,,,,,,,,,,,,,,,"[""'<external>/zstd' -q -d -c '<work>/archive.zst'"",""'<external>/zstd' -q -f -T1 -3 -c '<repo>/datasets/generated/git_snapshots/versions/v2/tests/smoke.rs'""]",{}
mathzip-benchmark-results-v1,20260724T140810Z-c825d7e1,git-copy-ablation,git_snapshots_individual,datasets/generated/git_snapshots/versions/v3/README.md,README.md,CC0-1.0,python/mathzip_bench/auxiliary.py and datasets/generated/git_snapshots/manifest.json,datasets/generated/git_snapshots/manifest.json,29fa52474b45926c01eeac75801369e4cb4ae7ec670016a72847a26373b5c72b,true,02e9abe5a2192f425f4f738f83902416482be8b9e008fa1868a06300a0d9be1b,3.9468295000641365,15104,mathzip-balanced-copy-on,mathzip,balanced,Copy/reference enabled,1,ok,,3,3,217,69.6036866359447,0.9856329449152542,98.56329449152543,0.1149364406779661,0.0,0.4537780980026582,0.004246893004165031,0.03328499120270789,3.556482347256486,0.45238599999999707,0.0035340000000019245,3817472.0,true,true,f473f4fdfacca278071c34480c9780cd6c0d036e6f3b5fac1683028e6a70983a,02e9abe5a2192f425f4f738f83902416482be8b9e008fa1868a06300a0d9be1b,"[{""type"":""identity""}]",1,15104.0,15104.0,"{""periodic"":1}","{""sparse"":1}",60,36,1,120,0.0,0.0,0.0,1,1,1,0.004181661,0.036876117,0.405490305,"[""'<repo>/target/release/mathzip' compress --mode balanced --max-input-bytes 8589934592 --no-sync --force --models raw,constant,affine,polynomial,periodic,recurrence,piecewise-linear,run,sparse,copy --residual-coders raw,rle,zero-run,sparse,bit-pack --transforms identity,delta,xor,bit-plane,stride --segmentation adaptive '<repo>/datasets/generated/git_snapshots/versions/v3/README.md' '<work>/archive.mz'"",""'<repo>/target/release/mathzip' compress --mode balanced --max-input-bytes 8589934592 --no-sync --force --models raw,constant,affine,polynomial,periodic,recurrence,piecewise-linear,run,sparse,copy --residual-coders raw,rle,zero-run,sparse,bit-pack --transforms identity,delta,xor,bit-plane,stride --segmentation adaptive --metrics-output '<work>/metrics-probe.mz.metrics.json' '<repo>/datasets/generated/git_snapshots/versions/v3/README.md' '<work>/metrics-probe.mz'"",""'<repo>/target/release/mathzip' decompress --max-archive-bytes 17179869184 --max-output-bytes 8589934592 --max-segments 8388608 --no-sync --force '<work>/archive.mz' '<work>/restored.bin'""]",{}
mathzip-benchmark-results-v1,20260724T140810Z-c825d7e1,git-copy-ablation,git_snapshots_individual,datasets/generated/git_snapshots/versions/v3/README.md,README.md,CC0-1.0,python/mathzip_bench/auxiliary.py and datasets/generated/git_snapshots/manifest.json,datasets/generated/git_snapshots/manifest.json,29fa52474b45926c01eeac75801369e4cb4ae7ec670016a72847a26373b5c72b,true,02e9abe5a2192f425f4f738f83902416482be8b9e008fa1868a06300a0d9be1b,3.9468295000641365,15104,mathzip-balanced-copy-off,mathzip,balanced,Copy/reference disabled,1,ok,,3,3,217,69.6036866359447,0.9856329449152542,98.56329449152543,0.1149364406779661,0.0,0.45085694699082524,0.005207761001656763,0.03350064826728146,2.900286705782948,0.44993399999999895,0.003832000000002722,3670016.0,true,true,f473f4fdfacca278071c34480c9780cd6c0d036e6f3b5fac1683028e6a70983a,02e9abe5a2192f425f4f738f83902416482be8b9e008fa1868a06300a0d9be1b,"[{""type"":""identity""}]",1,15104.0,15104.0,"{""periodic"":1}","{""sparse"":1}",60,36,1,120,0.0,0.0,0.0,1,1,1,0.004196587,0.036683468,0.408233433,"[""'<repo>/target/release/mathzip' compress --mode balanced --max-input-bytes 8589934592 --no-sync --force --models raw,constant,affine,polynomial,periodic,recurrence,piecewise-linear,run,sparse,copy --residual-coders raw,rle,zero-run,sparse,bit-pack --transforms identity,delta,xor,bit-plane,stride --segmentation adaptive --no-copy-model '<repo>/datasets/generated/git_snapshots/versions/v3/README.md' '<work>/archive.mz'"",""'<repo>/target/release/mathzip' compress --mode balanced --max-input-bytes 8589934592 --no-sync --force --models raw,constant,affine,polynomial,periodic,recurrence,piecewise-linear,run,sparse,copy --residual-coders raw,rle,zero-run,sparse,bit-pack --transforms identity,delta,xor,bit-plane,stride --segmentation adaptive --no-copy-model --metrics-output '<work>/metrics-probe.mz.metrics.json' '<repo>/datasets/generated/git_snapshots/versions/v3/README.md' '<work>/metrics-probe.mz'"",""'<repo>/target/release/mathzip' decompress --max-archive-bytes 17179869184 --max-output-bytes 8589934592 --max-segments 8388608 --no-sync --force '<work>/archive.mz' '<work>/restored.bin'""]",{}
mathzip-benchmark-results-v1,20260724T140810Z-c825d7e1,git-copy-ablation,git_snapshots_individual,datasets/generated/git_snapshots/versions/v3/README.md,README.md,CC0-1.0,python/mathzip_bench/auxiliary.py and datasets/generated/git_snapshots/manifest.json,datasets/generated/git_snapshots/manifest.json,29fa52474b45926c01eeac75801369e4cb4ae7ec670016a72847a26373b5c72b,true,02e9abe5a2192f425f4f738f83902416482be8b9e008fa1868a06300a0d9be1b,3.9468295000641365,15104,zstd-default,zstd,default,,1,ok,,3,3,82,184.1951219512195,0.9945709745762712,99.45709745762711,0.04343220338983051,0.0,0.005263564002234489,0.006357053993269801,2.8695385851844963,2.375943324689482,0.004529999999995482,0.005873000000008233,360448.0,true,true,780420a365c7d44da05a52e4d64c27ddd89dd9f3c942dfbca885da6818eb6407,02e9abe5a2192f425f4f738f83902416482be8b9e008fa1868a06300a0d9be1b,,,,,,,,,,,,,,,,,,,,"[""'<external>/zstd' -q -d -c '<work>/archive.zst'"",""'<external>/zstd' -q -f -T1 -3 -c '<repo>/datasets/generated/git_snapshots/versions/v3/README.md'""]",{}
mathzip-benchmark-results-v1,20260724T140810Z-c825d7e1,git-copy-ablation,git_snapshots_individual,datasets/generated/git_snapshots/versions/v3/src/lib.rs,lib.rs,CC0-1.0,python/mathzip_bench/auxiliary.py and datasets/generated/git_snapshots/manifest.json,datasets/generated/git_snapshots/manifest.json,29fa52474b45926c01eeac75801369e4cb4ae7ec670016a72847a26373b5c72b,true,d4dffc5cdba0006792f7438cf74029698704f67504fac0e2aad2e408025ac52a,4.535095803244616,26880,mathzip-balanced-copy-on,mathzip,balanced,Copy/reference enabled,1,ok,,3,3,3163,8.498261144483086,0.8823288690476191,88.23288690476191,0.9413690476190476,0.0,1.7020951839949703,0.004861221008468419,0.015792301307680237,5.529474992635407,1.6871289999999988,0.003895999999997457,4251648.0,true,true,5999fa7e721638ca4076125cb3cc761deea6f81336e8ab04a87a2591057275d2,d4dffc5cdba0006792f7438cf74029698704f67504fac0e2aad2e408025ac52a,"[{""stride"":3,""type"":""stride""}]",3,8960.0,9216.0,"{""periodic"":3}","{""sparse"":1,""zero_run"":2}",108,108,2825,122,0.0,0.0,1.0169161945221508,2825,3,1,0.009630685,0.103447597,1.572071118,"[""'<repo>/target/release/mathzip' compress --mode balanced --max-input-bytes 8589934592 --no-sync --force --models raw,constant,affine,polynomial,periodic,recurrence,piecewise-linear,run,sparse,copy --residual-coders raw,rle,zero-run,sparse,bit-pack --transforms identity,delta,xor,bit-plane,stride --segmentation adaptive '<repo>/datasets/generated/git_snapshots/versions/v3/src/lib.rs' '<work>/archive.mz'"",""'<repo>/target/release/mathzip' compress --mode balanced --max-input-bytes 8589934592 --no-sync --force --models raw,constant,affine,polynomial,periodic,recurrence,piecewise-linear,run,sparse,copy --residual-coders raw,rle,zero-run,sparse,bit-pack --transforms identity,delta,xor,bit-plane,stride --segmentation adaptive --metrics-output '<work>/metrics-probe.mz.metrics.json' '<repo>/datasets/generated/git_snapshots/versions/v3/src/lib.rs' '<work>/metrics-probe.mz'"",""'<repo>/target/release/mathzip' decompress --max-archive-bytes 17179869184 --max-output-bytes 8589934592 --max-segments 8388608 --no-sync --force '<work>/archive.mz' '<work>/restored.bin'""]",{}
mathzip-benchmark-results-v1,20260724T140810Z-c825d7e1,git-copy-ablation,git_snapshots_individual,datasets/generated/git_snapshots/versions/v3/src/lib.rs,lib.rs,CC0-1.0,python/mathzip_bench/auxiliary.py and datasets/generated/git_snapshots/manifest.json,datasets/generated/git_snapshots/manifest.json,29fa52474b45926c01eeac75801369e4cb4ae7ec670016a72847a26373b5c72b,true,d4dffc5cdba0006792f7438cf74029698704f67504fac0e2aad2e408025ac52a,4.535095803244616,26880,mathzip-balanced-copy-off,mathzip,balanced,Copy/reference disabled,1,ok,,3,3,3163,8.498261144483086,0.8823288690476191,88.23288690476191,0.9413690476190476,0.0,1.6830742369929794,0.005251547001535073,0.01597077503130489,5.118491749601164,1.681516000000002,0.003908999999993057,4263936.0,true,true,5999fa7e721638ca4076125cb3cc761deea6f81336e8ab04a87a2591057275d2,d4dffc5cdba0006792f7438cf74029698704f67504fac0e2aad2e408025ac52a,"[{""stride"":3,""type"":""stride""}]",3,8960.0,9216.0,"{""periodic"":3}","{""sparse"":1,""zero_run"":2}",108,108,2825,122,0.0,0.0,1.0169161945221508,2825,3,1,0.009686384,0.102556302,1.5681168699999999,"[""'<repo>/target/release/mathzip' compress --mode balanced --max-input-bytes 8589934592 --no-sync --force --models raw,constant,affine,polynomial,periodic,recurrence,piecewise-linear,run,sparse,copy --residual-coders raw,rle,zero-run,sparse,bit-pack --transforms identity,delta,xor,bit-plane,stride --segmentation adaptive --no-copy-model '<repo>/datasets/generated/git_snapshots/versions/v3/src/lib.rs' '<work>/archive.mz'"",""'<repo>/target/release/mathzip' compress --mode balanced --max-input-bytes 8589934592 --no-sync --force --models raw,constant,affine,polynomial,periodic,recurrence,piecewise-linear,run,sparse,copy --residual-coders raw,rle,zero-run,sparse,bit-pack --transforms identity,delta,xor,bit-plane,stride --segmentation adaptive --no-copy-model --metrics-output '<work>/metrics-probe.mz.metrics.json' '<repo>/datasets/generated/git_snapshots/versions/v3/src/lib.rs' '<work>/metrics-probe.mz'"",""'<repo>/target/release/mathzip' decompress --max-archive-bytes 17179869184 --max-output-bytes 8589934592 --max-segments 8388608 --no-sync --force '<work>/archive.mz' '<work>/restored.bin'""]",{}
mathzip-benchmark-results-v1,20260724T140810Z-c825d7e1,git-copy-ablation,git_snapshots_individual,datasets/generated/git_snapshots/versions/v3/src/lib.rs,lib.rs,CC0-1.0,python/mathzip_bench/auxiliary.py and datasets/generated/git_snapshots/manifest.json,datasets/generated/git_snapshots/manifest.json,29fa52474b45926c01eeac75801369e4cb4ae7ec670016a72847a26373b5c72b,true,d4dffc5cdba0006792f7438cf74029698704f67504fac0e2aad2e408025ac52a,4.535095803244616,26880,zstd-default,zstd,default,,1,ok,,3,3,104,258.46153846153845,0.9961309523809524,99.61309523809524,0.030952380952380953,0.0,0.009307157990406267,0.007431945996358991,2.8880996785170785,3.6168185308624246,0.008491000000006466,0.007005000000006589,278528.0,true,true,13829b9f0516d933a21c43dc4460fd4ab20c7dfce9d84b7cfad503392542bbd5,d4dffc5cdba0006792f7438cf74029698704f67504fac0e2aad2e408025ac52a,,,,,,,,,,,,,,,,,,,,"[""'<external>/zstd' -q -d -c '<work>/archive.zst'"",""'<external>/zstd' -q -f -T1 -3 -c '<repo>/datasets/generated/git_snapshots/versions/v3/src/lib.rs'""]",{}
mathzip-benchmark-results-v1,20260724T140810Z-c825d7e1,git-copy-ablation,git_snapshots_individual,datasets/generated/git_snapshots/versions/v3/src/main.rs,main.rs,CC0-1.0,python/mathzip_bench/auxiliary.py and datasets/generated/git_snapshots/manifest.json,datasets/generated/git_snapshots/manifest.json,29fa52474b45926c01eeac75801369e4cb4ae7ec670016a72847a26373b5c72b,true,c032845343f064be61022739ba4730010b87487807a1c68999e176c8f85e0985,4.237178542627948,9472,mathzip-balanced-copy-on,mathzip,balanced,Copy/reference enabled,1,ok,,3,3,195,48.57435897435897,0.9794130067567568,97.94130067567568,0.16469594594594594,0.0,0.20195860300736967,0.0047572129988111556,0.04690070073248802,1.9910817536164738,0.20102400000000387,0.003849000000002434,3600384.0,true,true,af3cbafaec73bcda5f6a38ba33ee6645d5b77b1780d557febdcf033ad9e7584d,c032845343f064be61022739ba4730010b87487807a1c68999e176c8f85e0985,"[{""type"":""identity""}]",1,9472.0,9472.0,"{""periodic"":1}","{""sparse"":1}",38,36,1,120,0.0,0.0,0.0,1,1,1,0.00247421,0.019603896,0.175763592,"[""'<repo>/target/release/mathzip' compress --mode balanced --max-input-bytes 8589934592 --no-sync --force --models raw,constant,affine,polynomial,periodic,recurrence,piecewise-linear,run,sparse,copy --residual-coders raw,rle,zero-run,sparse,bit-pack --transforms identity,delta,xor,bit-plane,stride --segmentation adaptive '<repo>/datasets/generated/git_snapshots/versions/v3/src/main.rs' '<work>/archive.mz'"",""'<repo>/target/release/mathzip' compress --mode balanced --max-input-bytes 8589934592 --no-sync --force --models raw,constant,affine,polynomial,periodic,recurrence,piecewise-linear,run,sparse,copy --residual-coders raw,rle,zero-run,sparse,bit-pack --transforms identity,delta,xor,bit-plane,stride --segmentation adaptive --metrics-output '<work>/metrics-probe.mz.metrics.json' '<repo>/datasets/generated/git_snapshots/versions/v3/src/main.rs' '<work>/metrics-probe.mz'"",""'<repo>/target/release/mathzip' decompress --max-archive-bytes 17179869184 --max-output-bytes 8589934592 --max-segments 8388608 --no-sync --force '<work>/archive.mz' '<work>/restored.bin'""]",{}
mathzip-benchmark-results-v1,20260724T140810Z-c825d7e1,git-copy-ablation,git_snapshots_individual,datasets/generated/git_snapshots/versions/v3/src/main.rs,main.rs,CC0-1.0,python/mathzip_bench/auxiliary.py and datasets/generated/git_snapshots/manifest.json,datasets/generated/git_snapshots/manifest.json,29fa52474b45926c01eeac75801369e4cb4ae7ec670016a72847a26373b5c72b,true,c032845343f064be61022739ba4730010b87487807a1c68999e176c8f85e0985,4.237178542627948,9472,mathzip-balanced-copy-off,mathzip,balanced,Copy/reference disabled,1,ok,,3,3,195,48.57435897435897,0.9794130067567568,97.94130067567568,0.16469594594594594,0.0,0.20138190800207667,0.00409514999773819,0.047035009718461515,2.3129799898005006,0.20061800000000574,0.0034289999999970178,3665920.0,true,true,af3cbafaec73bcda5f6a38ba33ee6645d5b77b1780d557febdcf033ad9e7584d,c032845343f064be61022739ba4730010b87487807a1c68999e176c8f85e0985,"[{""type"":""identity""}]",1,9472.0,9472.0,"{""periodic"":1}","{""sparse"":1}",38,36,1,120,0.0,0.0,0.0,1,1,1,0.00241765,0.01969763,0.175501556,"[""'<repo>/target/release/mathzip' compress --mode balanced --max-input-bytes 8589934592 --no-sync --force --models raw,constant,affine,polynomial,periodic,recurrence,piecewise-linear,run,sparse,copy --residual-coders raw,rle,zero-run,sparse,bit-pack --transforms identity,delta,xor,bit-plane,stride --segmentation adaptive --no-copy-model '<repo>/datasets/generated/git_snapshots/versions/v3/src/main.rs' '<work>/archive.mz'"",""'<repo>/target/release/mathzip' compress --mode balanced --max-input-bytes 8589934592 --no-sync --force --models raw,constant,affine,polynomial,periodic,recurrence,piecewise-linear,run,sparse,copy --residual-coders raw,rle,zero-run,sparse,bit-pack --transforms identity,delta,xor,bit-plane,stride --segmentation adaptive --no-copy-model --metrics-output '<work>/metrics-probe.mz.metrics.json' '<repo>/datasets/generated/git_snapshots/versions/v3/src/main.rs' '<work>/metrics-probe.mz'"",""'<repo>/target/release/mathzip' decompress --max-archive-bytes 17179869184 --max-output-bytes 8589934592 --max-segments 8388608 --no-sync --force '<work>/archive.mz' '<work>/restored.bin'""]",{}
mathzip-benchmark-results-v1,20260724T140810Z-c825d7e1,git-copy-ablation,git_snapshots_individual,datasets/generated/git_snapshots/versions/v3/src/main.rs,main.rs,CC0-1.0,python/mathzip_bench/auxiliary.py and datasets/generated/git_snapshots/manifest.json,datasets/generated/git_snapshots/manifest.json,29fa52474b45926c01eeac75801369e4cb4ae7ec670016a72847a26373b5c72b,true,c032845343f064be61022739ba4730010b87487807a1c68999e176c8f85e0985,4.237178542627948,9472,zstd-default,zstd,default,,1,ok,,3,3,60,157.86666666666667,0.9936655405405406,99.36655405405406,0.05067567567567568,0.0,0.004720404991530813,0.003960280999308452,2.0066074874919275,2.3917494747605055,0.004292000000006624,0.0035250000000104365,348160.0,true,true,f50db3cef0e0b9880a95451ff512b355cfe5e12cfe94143567f370a02c67cdda,c032845343f064be61022739ba4730010b87487807a1c68999e176c8f85e0985,,,,,,,,,,,,,,,,,,,,"[""'<external>/zstd' -q -d -c '<work>/archive.zst'"",""'<external>/zstd' -q -f -T1 -3 -c '<repo>/datasets/generated/git_snapshots/versions/v3/src/main.rs'""]",{}
mathzip-benchmark-results-v1,20260724T140810Z-c825d7e1,git-copy-ablation,git_snapshots_individual,datasets/generated/git_snapshots/versions/v3/tests/smoke.rs,smoke.rs,CC0-1.0,python/mathzip_bench/auxiliary.py and datasets/generated/git_snapshots/manifest.json,datasets/generated/git_snapshots/manifest.json,29fa52474b45926c01eeac75801369e4cb4ae7ec670016a72847a26373b5c72b,true,2062c51d5b214df2193e64652833655fd8cad51bba45784ce6765f0b14c03795,4.416155941739304,11520,mathzip-balanced-copy-on,mathzip,balanced,Copy/reference enabled,1,ok,,3,3,203,56.748768472906406,0.9823784722222222,98.23784722222221,0.14097222222222222,0.0,0.2648420509940479,0.004257089996826835,0.04349762417547092,2.7060738693771613,0.263694000000001,0.003429999999994493,3735552.0,true,true,2fafd7e178becf310111a8ccbf4b5fc14e15717efbe0222bf86f2e8252525208,2062c51d5b214df2193e64652833655fd8cad51bba45784ce6765f0b14c03795,"[{""type"":""identity""}]",1,11520.0,11520.0,"{""periodic"":1}","{""sparse"":1}",46,36,1,120,0.0,0.0,0.0,1,1,1,0.003330809,0.025049271,0.235751015,"[""'<repo>/target/release/mathzip' compress --mode balanced --max-input-bytes 8589934592 --no-sync --force --models raw,constant,affine,polynomial,periodic,recurrence,piecewise-linear,run,sparse,copy --residual-coders raw,rle,zero-run,sparse,bit-pack --transforms identity,delta,xor,bit-plane,stride --segmentation adaptive '<repo>/datasets/generated/git_snapshots/versions/v3/tests/smoke.rs' '<work>/archive.mz'"",""'<repo>/target/release/mathzip' compress --mode balanced --max-input-bytes 8589934592 --no-sync --force --models raw,constant,affine,polynomial,periodic,recurrence,piecewise-linear,run,sparse,copy --residual-coders raw,rle,zero-run,sparse,bit-pack --transforms identity,delta,xor,bit-plane,stride --segmentation adaptive --metrics-output '<work>/metrics-probe.mz.metrics.json' '<repo>/datasets/generated/git_snapshots/versions/v3/tests/smoke.rs' '<work>/metrics-probe.mz'"",""'<repo>/target/release/mathzip' decompress --max-archive-bytes 17179869184 --max-output-bytes 8589934592 --max-segments 8388608 --no-sync --force '<work>/archive.mz' '<work>/restored.bin'""]",{}
mathzip-benchmark-results-v1,20260724T140810Z-c825d7e1,git-copy-ablation,git_snapshots_individual,datasets/generated/git_snapshots/versions/v3/tests/smoke.rs,smoke.rs,CC0-1.0,python/mathzip_bench/auxiliary.py and datasets/generated/git_snapshots/manifest.json,datasets/generated/git_snapshots/manifest.json,29fa52474b45926c01eeac75801369e4cb4ae7ec670016a72847a26373b5c72b,true,2062c51d5b214df2193e64652833655fd8cad51bba45784ce6765f0b14c03795,4.416155941739304,11520,mathzip-balanced-copy-off,mathzip,balanced,Copy/reference disabled,1,ok,,3,3,203,56.748768472906406,0.9823784722222222,98.23784722222221,0.14097222222222222,0.0,0.2655840110091958,0.004813965002540499,0.04337610519633699,2.3930377545163894,0.2639559999999932,0.003387999999986846,3710976.0,true,true,2fafd7e178becf310111a8ccbf4b5fc14e15717efbe0222bf86f2e8252525208,2062c51d5b214df2193e64652833655fd8cad51bba45784ce6765f0b14c03795,"[{""type"":""identity""}]",1,11520.0,11520.0,"{""periodic"":1}","{""sparse"":1}",46,36,1,120,0.0,0.0,0.0,1,1,1,0.003150516,0.024761637,0.233244708,"[""'<repo>/target/release/mathzip' compress --mode balanced --max-input-bytes 8589934592 --no-sync --force --models raw,constant,affine,polynomial,periodic,recurrence,piecewise-linear,run,sparse,copy --residual-coders raw,rle,zero-run,sparse,bit-pack --transforms identity,delta,xor,bit-plane,stride --segmentation adaptive --no-copy-model '<repo>/datasets/generated/git_snapshots/versions/v3/tests/smoke.rs' '<work>/archive.mz'"",""'<repo>/target/release/mathzip' compress --mode balanced --max-input-bytes 8589934592 --no-sync --force --models raw,constant,affine,polynomial,periodic,recurrence,piecewise-linear,run,sparse,copy --residual-coders raw,rle,zero-run,sparse,bit-pack --transforms identity,delta,xor,bit-plane,stride --segmentation adaptive --no-copy-model --metrics-output '<work>/metrics-probe.mz.metrics.json' '<repo>/datasets/generated/git_snapshots/versions/v3/tests/smoke.rs' '<work>/metrics-probe.mz'"",""'<repo>/target/release/mathzip' decompress --max-archive-bytes 17179869184 --max-output-bytes 8589934592 --max-segments 8388608 --no-sync --force '<work>/archive.mz' '<work>/restored.bin'""]",{}
mathzip-benchmark-results-v1,20260724T140810Z-c825d7e1,git-copy-ablation,git_snapshots_individual,datasets/generated/git_snapshots/versions/v3/tests/smoke.rs,smoke.rs,CC0-1.0,python/mathzip_bench/auxiliary.py and datasets/generated/git_snapshots/manifest.json,datasets/generated/git_snapshots/manifest.json,29fa52474b45926c01eeac75801369e4cb4ae7ec670016a72847a26373b5c72b,true,2062c51d5b214df2193e64652833655fd8cad51bba45784ce6765f0b14c03795,4.416155941739304,11520,zstd-default,zstd,default,,1,ok,,3,3,68,169.41176470588235,0.9940972222222222,99.40972222222221,0.04722222222222222,0.0,0.005226050998317078,0.007097287991200574,2.2043412901461803,1.6231552128478983,0.004457000000002154,0.006560000000007449,376832.0,true,true,6638a233a735f78f4553f08531fa3fd1b6625e23f295dc0777b06bd45dee6c16,2062c51d5b214df2193e64652833655fd8cad51bba45784ce6765f0b14c03795,,,,,,,,,,,,,,,,,,,,"[""'<external>/zstd' -q -d -c '<work>/archive.zst'"",""'<external>/zstd' -q -f -T1 -3 -c '<repo>/datasets/generated/git_snapshots/versions/v3/tests/smoke.rs'""]",{}
mathzip-benchmark-results-v1,20260724T140810Z-c825d7e1,git-copy-ablation,git_snapshots_combined,datasets/generated/git_snapshots/combined/all_versions.bin,all_versions.bin,CC0-1.0,python/mathzip_bench/auxiliary.py and datasets/generated/git_snapshots/manifest.json,datasets/generated/git_snapshots/manifest.json,29fa52474b45926c01eeac75801369e4cb4ae7ec670016a72847a26373b5c72b,true,597185aab6e3921b9ffca6204590d8a4be0d52d30e23107642bb65c35c1f103a,4.974819567395595,151040,mathzip-balanced-copy-on,mathzip,balanced,Copy/reference enabled,1,ok,,3,3,40413,3.737411229059956,0.7324351165254237,73.24351165254237,2.1405190677966104,0.0,23.12882849300513,0.007189459996880032,0.006530378313180849,21.008531943365142,23.11775799999998,0.006450000000000955,4898816.0,true,true,fb5f3bf6dfaefefe0cdcb00fe7d3f514ef5e879ecb25fcb5d6d3c359eff9426e,597185aab6e3921b9ffca6204590d8a4be0d52d30e23107642bb65c35c1f103a,"[{""stride"":3,""type"":""stride""}]",34,4442.35294117647,4096.0,"{""copy"":1,""periodic"":29,""raw"":4}","{""bit_pack"":4,""sparse"":4,""zero_run"":26}",1006,1224,38061,122,17.627118644067796,0.0,2.4983997787650964,38061,30,4,0.094064721,1.5377539649999998,21.579280287,"[""'<repo>/target/release/mathzip' compress --mode balanced --max-input-bytes 8589934592 --no-sync --force --models raw,constant,affine,polynomial,periodic,recurrence,piecewise-linear,run,sparse,copy --residual-coders raw,rle,zero-run,sparse,bit-pack --transforms identity,delta,xor,bit-plane,stride --segmentation adaptive '<repo>/datasets/generated/git_snapshots/combined/all_versions.bin' '<work>/archive.mz'"",""'<repo>/target/release/mathzip' compress --mode balanced --max-input-bytes 8589934592 --no-sync --force --models raw,constant,affine,polynomial,periodic,recurrence,piecewise-linear,run,sparse,copy --residual-coders raw,rle,zero-run,sparse,bit-pack --transforms identity,delta,xor,bit-plane,stride --segmentation adaptive --metrics-output '<work>/metrics-probe.mz.metrics.json' '<repo>/datasets/generated/git_snapshots/combined/all_versions.bin' '<work>/metrics-probe.mz'"",""'<repo>/target/release/mathzip' decompress --max-archive-bytes 17179869184 --max-output-bytes 8589934592 --max-segments 8388608 --no-sync --force '<work>/archive.mz' '<work>/restored.bin'""]",{}
mathzip-benchmark-results-v1,20260724T140810Z-c825d7e1,git-copy-ablation,git_snapshots_combined,datasets/generated/git_snapshots/combined/all_versions.bin,all_versions.bin,CC0-1.0,python/mathzip_bench/auxiliary.py and datasets/generated/git_snapshots/manifest.json,datasets/generated/git_snapshots/manifest.json,29fa52474b45926c01eeac75801369e4cb4ae7ec670016a72847a26373b5c72b,true,597185aab6e3921b9ffca6204590d8a4be0d52d30e23107642bb65c35c1f103a,4.974819567395595,151040,mathzip-balanced-copy-off,mathzip,balanced,Copy/reference disabled,1,ok,,3,3,40453,3.733715670036833,0.7321702860169492,73.21702860169492,2.1426377118644067,0.0,22.978621472997474,0.007196061997092329,0.006573066194483833,20.989257744170335,22.965141000000017,0.006550000000004275,4886528.0,true,true,4099674cee814a695010049c7216c978d6671f8e9261240fa31da7899e1f7cb0,597185aab6e3921b9ffca6204590d8a4be0d52d30e23107642bb65c35c1f103a,"[{""stride"":3,""type"":""stride""}]",34,4442.35294117647,4096.0,"{""periodic"":30,""raw"":4}","{""bit_pack"":4,""sparse"":4,""zero_run"":26}",1041,1224,38066,122,17.627118644067796,0.0,2.4953521055328345,38066,30,4,0.09141813,1.524563476,21.320064943,"[""'<repo>/target/release/mathzip' compress --mode balanced --max-input-bytes 8589934592 --no-sync --force --models raw,constant,affine,polynomial,periodic,recurrence,piecewise-linear,run,sparse,copy --residual-coders raw,rle,zero-run,sparse,bit-pack --transforms identity,delta,xor,bit-plane,stride --segmentation adaptive --no-copy-model '<repo>/datasets/generated/git_snapshots/combined/all_versions.bin' '<work>/archive.mz'"",""'<repo>/target/release/mathzip' compress --mode balanced --max-input-bytes 8589934592 --no-sync --force --models raw,constant,affine,polynomial,periodic,recurrence,piecewise-linear,run,sparse,copy --residual-coders raw,rle,zero-run,sparse,bit-pack --transforms identity,delta,xor,bit-plane,stride --segmentation adaptive --no-copy-model --metrics-output '<work>/metrics-probe.mz.metrics.json' '<repo>/datasets/generated/git_snapshots/combined/all_versions.bin' '<work>/metrics-probe.mz'"",""'<repo>/target/release/mathzip' decompress --max-archive-bytes 17179869184 --max-output-bytes 8589934592 --max-segments 8388608 --no-sync --force '<work>/archive.mz' '<work>/restored.bin'""]",{}
mathzip-benchmark-results-v1,20260724T140810Z-c825d7e1,git-copy-ablation,git_snapshots_combined,datasets/generated/git_snapshots/combined/all_versions.bin,all_versions.bin,CC0-1.0,python/mathzip_bench/auxiliary.py and datasets/generated/git_snapshots/manifest.json,datasets/generated/git_snapshots/manifest.json,29fa52474b45926c01eeac75801369e4cb4ae7ec670016a72847a26373b5c72b,true,597185aab6e3921b9ffca6204590d8a4be0d52d30e23107642bb65c35c1f103a,4.974819567395595,151040,zstd-default,zstd,default,,1,ok,,3,3,493,306.369168356998,0.9967359639830509,99.67359639830508,0.02611228813559322,0.0,0.006626711998251267,0.008852098995703273,22.7926006200146,17.062619845678796,0.005600999999956002,0.008144000000015694,401408.0,true,true,ccc582190851aadea3a6eb8eb40189accf48555f1c2a835bcca5e4d21bf7ea0b,597185aab6e3921b9ffca6204590d8a4be0d52d30e23107642bb65c35c1f103a,,,,,,,,,,,,,,,,,,,,"[""'<external>/zstd' -q -d -c '<work>/archive.zst'"",""'<external>/zstd' -q -f -T1 -3 -c '<repo>/datasets/generated/git_snapshots/combined/all_versions.bin'""]",{}
mathzip-benchmark-results-v1,20260724T140810Z-c825d7e1,git-copy-ablation,git_snapshots_combined,datasets/generated/git_snapshots/combined/v1.bin,v1.bin,CC0-1.0,python/mathzip_bench/auxiliary.py and datasets/generated/git_snapshots/manifest.json,datasets/generated/git_snapshots/manifest.json,29fa52474b45926c01eeac75801369e4cb4ae7ec670016a72847a26373b5c72b,true,c2df932f58762a8e04f503a010f710b34727b7173fdd3af3baf5c172074eaa30,4.859891675596705,31488,mathzip-balanced-copy-on,mathzip,balanced,Copy/reference enabled,1,ok,,3,3,1426,22.08134642356241,0.954712906504065,95.4712906504065,0.3622967479674797,0.0,3.536204029995133,0.004968944995198399,0.0089044635809782,6.336958857549751,3.5338390000000004,0.004018999999971129,4018176.0,true,true,2142a8883313f2cf9960fb68e1edd376afe274569fcfddc06824801e64159d45,c2df932f58762a8e04f503a010f710b34727b7173fdd3af3baf5c172074eaa30,"[{""type"":""identity""}]",3,10496.0,9216.0,"{""periodic"":3}","{""sparse"":1,""zero_run"":2}",126,108,1072,120,0.0,0.0,0.41840137334826893,1072,3,1,0.017424027,0.281155149,3.240363175,"[""'<repo>/target/release/mathzip' compress --mode balanced --max-input-bytes 8589934592 --no-sync --force --models raw,constant,affine,polynomial,periodic,recurrence,piecewise-linear,run,sparse,copy --residual-coders raw,rle,zero-run,sparse,bit-pack --transforms identity,delta,xor,bit-plane,stride --segmentation adaptive '<repo>/datasets/generated/git_snapshots/combined/v1.bin' '<work>/archive.mz'"",""'<repo>/target/release/mathzip' compress --mode balanced --max-input-bytes 8589934592 --no-sync --force --models raw,constant,affine,polynomial,periodic,recurrence,piecewise-linear,run,sparse,copy --residual-coders raw,rle,zero-run,sparse,bit-pack --transforms identity,delta,xor,bit-plane,stride --segmentation adaptive --metrics-output '<work>/metrics-probe.mz.metrics.json' '<repo>/datasets/generated/git_snapshots/combined/v1.bin' '<work>/metrics-probe.mz'"",""'<repo>/target/release/mathzip' decompress --max-archive-bytes 17179869184 --max-output-bytes 8589934592 --max-segments 8388608 --no-sync --force '<work>/archive.mz' '<work>/restored.bin'""]",{}
mathzip-benchmark-results-v1,20260724T140810Z-c825d7e1,git-copy-ablation,git_snapshots_combined,datasets/generated/git_snapshots/combined/v1.bin,v1.bin,CC0-1.0,python/mathzip_bench/auxiliary.py and datasets/generated/git_snapshots/manifest.json,datasets/generated/git_snapshots/manifest.json,29fa52474b45926c01eeac75801369e4cb4ae7ec670016a72847a26373b5c72b,true,c2df932f58762a8e04f503a010f710b34727b7173fdd3af3baf5c172074eaa30,4.859891675596705,31488,mathzip-balanced-copy-off,mathzip,balanced,Copy/reference disabled,1,ok,,3,3,1426,22.08134642356241,0.954712906504065,95.4712906504065,0.3622967479674797,0.0,3.5269949799985625,0.004366187989944592,0.008927713302277747,7.211782926552274,3.5252569999999537,0.003707000000019889,4005888.0,true,true,2142a8883313f2cf9960fb68e1edd376afe274569fcfddc06824801e64159d45,c2df932f58762a8e04f503a010f710b34727b7173fdd3af3baf5c172074eaa30,"[{""type"":""identity""}]",3,10496.0,9216.0,"{""periodic"":3}","{""sparse"":1,""zero_run"":2}",126,108,1072,120,0.0,0.0,0.41840137334826893,1072,3,1,0.018207154,0.281657038,3.23354587,"[""'<repo>/target/release/mathzip' compress --mode balanced --max-input-bytes 8589934592 --no-sync --force --models raw,constant,affine,polynomial,periodic,recurrence,piecewise-linear,run,sparse,copy --residual-coders raw,rle,zero-run,sparse,bit-pack --transforms identity,delta,xor,bit-plane,stride --segmentation adaptive --no-copy-model '<repo>/datasets/generated/git_snapshots/combined/v1.bin' '<work>/archive.mz'"",""'<repo>/target/release/mathzip' compress --mode balanced --max-input-bytes 8589934592 --no-sync --force --models raw,constant,affine,polynomial,periodic,recurrence,piecewise-linear,run,sparse,copy --residual-coders raw,rle,zero-run,sparse,bit-pack --transforms identity,delta,xor,bit-plane,stride --segmentation adaptive --no-copy-model --metrics-output '<work>/metrics-probe.mz.metrics.json' '<repo>/datasets/generated/git_snapshots/combined/v1.bin' '<work>/metrics-probe.mz'"",""'<repo>/target/release/mathzip' decompress --max-archive-bytes 17179869184 --max-output-bytes 8589934592 --max-segments 8388608 --no-sync --force '<work>/archive.mz' '<work>/restored.bin'""]",{}
mathzip-benchmark-results-v1,20260724T140810Z-c825d7e1,git-copy-ablation,git_snapshots_combined,datasets/generated/git_snapshots/combined/v1.bin,v1.bin,CC0-1.0,python/mathzip_bench/auxiliary.py and datasets/generated/git_snapshots/manifest.json,datasets/generated/git_snapshots/manifest.json,29fa52474b45926c01eeac75801369e4cb4ae7ec670016a72847a26373b5c72b,true,c2df932f58762a8e04f503a010f710b34727b7173fdd3af3baf5c172074eaa30,4.859891675596705,31488,zstd-default,zstd,default,,1,ok,,3,3,138,228.17391304347825,0.9956173780487805,99.56173780487805,0.0350609756097561,0.0,0.00490192900178954,0.004126831001485698,6.423593648236179,7.630067717496555,0.004527999999936583,0.0035459999999716274,348160.0,true,true,c99bf12b082ef569ea67afcd7bb3f9e7ea51d367977a6d6f5e6dac096a196afb,c2df932f58762a8e04f503a010f710b34727b7173fdd3af3baf5c172074eaa30,,,,,,,,,,,,,,,,,,,,"[""'<external>/zstd' -q -d -c '<work>/archive.zst'"",""'<external>/zstd' -q -f -T1 -3 -c '<repo>/datasets/generated/git_snapshots/combined/v1.bin'""]",{}
mathzip-benchmark-results-v1,20260724T140810Z-c825d7e1,git-copy-ablation,git_snapshots_combined,datasets/generated/git_snapshots/combined/v2.bin,v2.bin,CC0-1.0,python/mathzip_bench/auxiliary.py and datasets/generated/git_snapshots/manifest.json,datasets/generated/git_snapshots/manifest.json,29fa52474b45926c01eeac75801369e4cb4ae7ec670016a72847a26373b5c72b,true,62f21bae50cd7b5efa08246f17cc556084f6737a9f6c75c2521f3fd9ae2978cd,4.944707899537008,56576,mathzip-balanced-copy-on,mathzip,balanced,Copy/reference enabled,1,ok,,3,3,20129,2.8106711709473893,0.6442130938914027,64.42130938914026,2.8462952488687785,0.0,7.3877695569972275,0.006963380990782753,0.007658062364223962,8.124788816652169,7.385631000000046,0.004648999999972148,4427776.0,true,true,68d5e8e06f4d6ce9595553d1bc289c2db3594008745c39339ae34fd5ca6fba59,62f21bae50cd7b5efa08246f17cc556084f6737a9f6c75c2521f3fd9ae2978cd,"[{""type"":""delta""}]",5,11315.2,9216.0,"{""periodic"":5}","{""sparse"":4,""zero_run"":1}",196,180,19633,120,0.0,0.0,2.8953692824679638,19633,5,3,0.030789716,0.493701352,6.829990312,"[""'<repo>/target/release/mathzip' compress --mode balanced --max-input-bytes 8589934592 --no-sync --force --models raw,constant,affine,polynomial,periodic,recurrence,piecewise-linear,run,sparse,copy --residual-coders raw,rle,zero-run,sparse,bit-pack --transforms identity,delta,xor,bit-plane,stride --segmentation adaptive '<repo>/datasets/generated/git_snapshots/combined/v2.bin' '<work>/archive.mz'"",""'<repo>/target/release/mathzip' compress --mode balanced --max-input-bytes 8589934592 --no-sync --force --models raw,constant,affine,polynomial,periodic,recurrence,piecewise-linear,run,sparse,copy --residual-coders raw,rle,zero-run,sparse,bit-pack --transforms identity,delta,xor,bit-plane,stride --segmentation adaptive --metrics-output '<work>/metrics-probe.mz.metrics.json' '<repo>/datasets/generated/git_snapshots/combined/v2.bin' '<work>/metrics-probe.mz'"",""'<repo>/target/release/mathzip' decompress --max-archive-bytes 17179869184 --max-output-bytes 8589934592 --max-segments 8388608 --no-sync --force '<work>/archive.mz' '<work>/restored.bin'""]",{}
mathzip-benchmark-results-v1,20260724T140810Z-c825d7e1,git-copy-ablation,git_snapshots_combined,datasets/generated/git_snapshots/combined/v2.bin,v2.bin,CC0-1.0,python/mathzip_bench/auxiliary.py and datasets/generated/git_snapshots/manifest.json,datasets/generated/git_snapshots/manifest.json,29fa52474b45926c01eeac75801369e4cb4ae7ec670016a72847a26373b5c72b,true,62f21bae50cd7b5efa08246f17cc556084f6737a9f6c75c2521f3fd9ae2978cd,4.944707899537008,56576,mathzip-balanced-copy-off,mathzip,balanced,Copy/reference disabled,1,ok,,3,3,20129,2.8106711709473893,0.6442130938914027,64.42130938914026,2.8462952488687785,0.0,7.373428285995033,0.005444818001706153,0.007672957246693444,10.390797264898792,7.3696129999999584,0.004554000000098313,4403200.0,true,true,68d5e8e06f4d6ce9595553d1bc289c2db3594008745c39339ae34fd5ca6fba59,62f21bae50cd7b5efa08246f17cc556084f6737a9f6c75c2521f3fd9ae2978cd,"[{""type"":""delta""}]",5,11315.2,9216.0,"{""periodic"":5}","{""sparse"":4,""zero_run"":1}",196,180,19633,120,0.0,0.0,2.8953692824679638,19633,5,3,0.03066719,0.492931144,6.831510947,"[""'<repo>/target/release/mathzip' compress --mode balanced --max-input-bytes 8589934592 --no-sync --force --models raw,constant,affine,polynomial,periodic,recurrence,piecewise-linear,run,sparse,copy --residual-coders raw,rle,zero-run,sparse,bit-pack --transforms identity,delta,xor,bit-plane,stride --segmentation adaptive --no-copy-model '<repo>/datasets/generated/git_snapshots/combined/v2.bin' '<work>/archive.mz'"",""'<repo>/target/release/mathzip' compress --mode balanced --max-input-bytes 8589934592 --no-sync --force --models raw,constant,affine,polynomial,periodic,recurrence,piecewise-linear,run,sparse,copy --residual-coders raw,rle,zero-run,sparse,bit-pack --transforms identity,delta,xor,bit-plane,stride --segmentation adaptive --no-copy-model --metrics-output '<work>/metrics-probe.mz.metrics.json' '<repo>/datasets/generated/git_snapshots/combined/v2.bin' '<work>/metrics-probe.mz'"",""'<repo>/target/release/mathzip' decompress --max-archive-bytes 17179869184 --max-output-bytes 8589934592 --max-segments 8388608 --no-sync --force '<work>/archive.mz' '<work>/restored.bin'""]",{}
mathzip-benchmark-results-v1,20260724T140810Z-c825d7e1,git-copy-ablation,git_snapshots_combined,datasets/generated/git_snapshots/combined/v2.bin,v2.bin,CC0-1.0,python/mathzip_bench/auxiliary.py and datasets/generated/git_snapshots/manifest.json,datasets/generated/git_snapshots/manifest.json,29fa52474b45926c01eeac75801369e4cb4ae7ec670016a72847a26373b5c72b,true,62f21bae50cd7b5efa08246f17cc556084f6737a9f6c75c2521f3fd9ae2978cd,4.944707899537008,56576,zstd-default,zstd,default,,1,ok,,3,3,203,278.69950738916253,0.9964119061085973,99.64119061085974,0.028704751131221718,0.0,0.00870469500659965,0.0050370209937682375,6.499481022265077,11.232035774715925,0.008158999999977823,0.004531999999926484,339968.0,true,true,8031401e48e61914c9ab3edbaa558226d5652f56c504ddb8b7c96569127a36d9,62f21bae50cd7b5efa08246f17cc556084f6737a9f6c75c2521f3fd9ae2978cd,,,,,,,,,,,,,,,,,,,,"[""'<external>/zstd' -q -d -c '<work>/archive.zst'"",""'<external>/zstd' -q -f -T1 -3 -c '<repo>/datasets/generated/git_snapshots/combined/v2.bin'""]",{}
mathzip-benchmark-results-v1,20260724T140810Z-c825d7e1,git-copy-ablation,git_snapshots_combined,datasets/generated/git_snapshots/combined/v3.bin,v3.bin,CC0-1.0,python/mathzip_bench/auxiliary.py and datasets/generated/git_snapshots/manifest.json,datasets/generated/git_snapshots/manifest.json,29fa52474b45926c01eeac75801369e4cb4ae7ec670016a72847a26373b5c72b,true,23a1159694350db87da7d99120e5d44c293f04bdb57eadb2deb95a863a5881b5,4.936032533496922,62976,mathzip-balanced-copy-on,mathzip,balanced,Copy/reference enabled,1,ok,,3,3,6234,10.102021174205968,0.9010099085365854,90.10099085365853,0.791920731707317,0.0,8.508142842998495,0.005540340003790334,0.00740185034056217,11.366811415349238,8.503827999999999,0.004483999999933985,4476928.0,true,true,2b81109341cc93615c2f4f843a741c7127949e88e68c5b26b1f2c1689b5fe274,23a1159694350db87da7d99120e5d44c293f04bdb57eadb2deb95a863a5881b5,"[{""stride"":3,""type"":""stride""}]",13,4844.307692307692,4096.0,"{""periodic"":12,""raw"":1}","{""bit_pack"":1,""sparse"":3,""zero_run"":9}",450,468,5194,122,3.252032520325203,0.0,0.9746103848738458,5194,12,3,0.034109579,0.546843263,7.920171781,"[""'<repo>/target/release/mathzip' compress --mode balanced --max-input-bytes 8589934592 --no-sync --force --models raw,constant,affine,polynomial,periodic,recurrence,piecewise-linear,run,sparse,copy --residual-coders raw,rle,zero-run,sparse,bit-pack --transforms identity,delta,xor,bit-plane,stride --segmentation adaptive '<repo>/datasets/generated/git_snapshots/combined/v3.bin' '<work>/archive.mz'"",""'<repo>/target/release/mathzip' compress --mode balanced --max-input-bytes 8589934592 --no-sync --force --models raw,constant,affine,polynomial,periodic,recurrence,piecewise-linear,run,sparse,copy --residual-coders raw,rle,zero-run,sparse,bit-pack --transforms identity,delta,xor,bit-plane,stride --segmentation adaptive --metrics-output '<work>/metrics-probe.mz.metrics.json' '<repo>/datasets/generated/git_snapshots/combined/v3.bin' '<work>/metrics-probe.mz'"",""'<repo>/target/release/mathzip' decompress --max-archive-bytes 17179869184 --max-output-bytes 8589934592 --max-segments 8388608 --no-sync --force '<work>/archive.mz' '<work>/restored.bin'""]",{}
mathzip-benchmark-results-v1,20260724T140810Z-c825d7e1,git-copy-ablation,git_snapshots_combined,datasets/generated/git_snapshots/combined/v3.bin,v3.bin,CC0-1.0,python/mathzip_bench/auxiliary.py and datasets/generated/git_snapshots/manifest.json,datasets/generated/git_snapshots/manifest.json,29fa52474b45926c01eeac75801369e4cb4ae7ec670016a72847a26373b5c72b,true,23a1159694350db87da7d99120e5d44c293f04bdb57eadb2deb95a863a5881b5,4.936032533496922,62976,mathzip-balanced-copy-off,mathzip,balanced,Copy/reference disabled,1,ok,,3,3,6234,10.102021174205968,0.9010099085365854,90.10099085365853,0.791920731707317,0.0,8.497885000004317,0.005940137998550199,0.007410785154184601,10.601773900769723,8.49271299999998,0.005195000000185246,4472832.0,true,true,2b81109341cc93615c2f4f843a741c7127949e88e68c5b26b1f2c1689b5fe274,23a1159694350db87da7d99120e5d44c293f04bdb57eadb2deb95a863a5881b5,"[{""stride"":3,""type"":""stride""}]",13,4844.307692307692,4096.0,"{""periodic"":12,""raw"":1}","{""bit_pack"":1,""sparse"":3,""zero_run"":9}",450,468,5194,122,3.252032520325203,0.0,0.9746103848738458,5194,12,3,0.034210936,0.542178303,7.9254473,"[""'<repo>/target/release/mathzip' compress --mode balanced --max-input-bytes 8589934592 --no-sync --force --models raw,constant,affine,polynomial,periodic,recurrence,piecewise-linear,run,sparse,copy --residual-coders raw,rle,zero-run,sparse,bit-pack --transforms identity,delta,xor,bit-plane,stride --segmentation adaptive --no-copy-model '<repo>/datasets/generated/git_snapshots/combined/v3.bin' '<work>/archive.mz'"",""'<repo>/target/release/mathzip' compress --mode balanced --max-input-bytes 8589934592 --no-sync --force --models raw,constant,affine,polynomial,periodic,recurrence,piecewise-linear,run,sparse,copy --residual-coders raw,rle,zero-run,sparse,bit-pack --transforms identity,delta,xor,bit-plane,stride --segmentation adaptive --no-copy-model --metrics-output '<work>/metrics-probe.mz.metrics.json' '<repo>/datasets/generated/git_snapshots/combined/v3.bin' '<work>/metrics-probe.mz'"",""'<repo>/target/release/mathzip' decompress --max-archive-bytes 17179869184 --max-output-bytes 8589934592 --max-segments 8388608 --no-sync --force '<work>/archive.mz' '<work>/restored.bin'""]",{}
mathzip-benchmark-results-v1,20260724T140810Z-c825d7e1,git-copy-ablation,git_snapshots_combined,datasets/generated/git_snapshots/combined/v3.bin,v3.bin,CC0-1.0,python/mathzip_bench/auxiliary.py and datasets/generated/git_snapshots/manifest.json,datasets/generated/git_snapshots/manifest.json,29fa52474b45926c01eeac75801369e4cb4ae7ec670016a72847a26373b5c72b,true,23a1159694350db87da7d99120e5d44c293f04bdb57eadb2deb95a863a5881b5,4.936032533496922,62976,zstd-default,zstd,default,,1,ok,,3,3,216,291.55555555555554,0.9965701219512195,99.65701219512195,0.027439024390243903,0.0,0.008186603998183273,0.007881059995270334,7.692567029500303,7.990803272376284,0.007328000000029533,0.0070580000000290966,344064.0,true,true,20b5f45473ca08fc54c74f3462ef567da9b710094464f0ebbbd7752996e12569,23a1159694350db87da7d99120e5d44c293f04bdb57eadb2deb95a863a5881b5,,,,,,,,,,,,,,,,,,,,"[""'<external>/zstd' -q -d -c '<work>/archive.zst'"",""'<external>/zstd' -q -f -T1 -3 -c '<repo>/datasets/generated/git_snapshots/combined/v3.bin'""]",{}
