evidence_scope,experiment_id,machine_id,architecture,source_commit,config_sha256,dataset_manifest_sha256,randomization_seed,codec_executable_sha256,measurement_method,measurement_tool_sha256,split,codec,codec_config,profile,threads,native_mathsvg,dataset_id,row_scope,original_bytes,scheduled_measured_trials,successful_trials,failed_trials,timeout_trials,unavailable_trials,complete_repetitions,metric_status,roundtrip_all_successes,deterministic_archive_all_successes,archive_bytes_median,archive_fraction_median,compression_ratio_median,compression_wall_ns_median,compression_cpu_ns_median,compression_cpu_wall_fraction_median,decompression_wall_ns_median,decompression_cpu_ns_median,decompression_cpu_wall_fraction_median,compression_throughput_mb_s_median,decompression_throughput_mb_s_median,peak_rss_bytes_median,compression_peak_rss_bytes_median,decompression_peak_rss_bytes_median,procedural_evidence_status,literal_only_archive_bytes_median,pre_entropy_archive_bytes_median,procedural_gain_before_entropy_bytes_median,procedural_penalty_before_entropy_bytes_median,entropy_gain_bytes_median,entropy_penalty_bytes_median,function_reconstructed_bytes_median,literal_reconstructed_bytes_median,procedural_coverage_median,literal_fraction_median
development,development-pilot-v3-current,local-x86-64,x86_64,36f84685dc00064dae9a239face7e8eff797ed28,1bd3a8a1a914bf55087f30b641adcacaac8d04f2cc5a9c21f3668bf2f6727da6,88ed376ce82fbd9301fe2fce71dd0e3a4af5f837450b50b8489d678b19d5fca7,1297748005,b5b163eb273291934556377ab883b4b2a5d4da50bd0dc0a91774ecc234ccd8d0,gnu-time-v1-monotonic-wall,3b11dec50514a8473e9f6efa7a34d584d0657538c09988f61b72d38ad4991a10,development,xz-9e,xz-9e,,1,false,dev-canterbury-alice29-txt,file,152089,10,10,0,0,0,10,complete,true,true,48528,0.31907633030659682,3.1340463237718432,165951234.5,130000000,0.78529280464590445,17368400.5,0,0,0.91646881275395331,8.7574061000427825,30449664,30449664,2015232,not-applicable,,,,,,,,,,
development,development-pilot-v3-current,local-x86-64,x86_64,36f84685dc00064dae9a239face7e8eff797ed28,1bd3a8a1a914bf55087f30b641adcacaac8d04f2cc5a9c21f3668bf2f6727da6,88ed376ce82fbd9301fe2fce71dd0e3a4af5f837450b50b8489d678b19d5fca7,1297748005,b5b163eb273291934556377ab883b4b2a5d4da50bd0dc0a91774ecc234ccd8d0,gnu-time-v1-monotonic-wall,3b11dec50514a8473e9f6efa7a34d584d0657538c09988f61b72d38ad4991a10,development,xz-9e,xz-9e,,1,false,dev-canterbury-kennedy-xls,file,1029744,10,10,0,0,0,10,complete,true,true,51868,0.050369800649481815,19.853165728387445,2003741498.5,1970000000,0.9838073845362082,33407674,10000000,0.29106618322778588,0.51397583311807105,30.82357667987014,35307520,35307520,2932736,not-applicable,,,,,,,,,,
development,development-pilot-v3-current,local-x86-64,x86_64,36f84685dc00064dae9a239face7e8eff797ed28,1bd3a8a1a914bf55087f30b641adcacaac8d04f2cc5a9c21f3668bf2f6727da6,88ed376ce82fbd9301fe2fce71dd0e3a4af5f837450b50b8489d678b19d5fca7,1297748005,b5b163eb273291934556377ab883b4b2a5d4da50bd0dc0a91774ecc234ccd8d0,gnu-time-v1-monotonic-wall,3b11dec50514a8473e9f6efa7a34d584d0657538c09988f61b72d38ad4991a10,development,xz-9e,xz-9e,,1,false,dev-silesia-x-ray,file,8474240,10,10,0,0,0,10,complete,true,true,4491264,0.52999018201042214,1.886827405380757,6382294090,6315000000,0.99214217413511752,519022988,485000000,0.93460253965688544,1.3277819168518881,16.327298022718587,146057216,146057216,10272768,not-applicable,,,,,,,,,,
development,development-pilot-v3-current,local-x86-64,x86_64,36f84685dc00064dae9a239face7e8eff797ed28,1bd3a8a1a914bf55087f30b641adcacaac8d04f2cc5a9c21f3668bf2f6727da6,88ed376ce82fbd9301fe2fce71dd0e3a4af5f837450b50b8489d678b19d5fca7,1297748005,b5b163eb273291934556377ab883b4b2a5d4da50bd0dc0a91774ecc234ccd8d0,gnu-time-v1-monotonic-wall,3b11dec50514a8473e9f6efa7a34d584d0657538c09988f61b72d38ad4991a10,development,xz-9e,xz-9e,,1,false,dev-synthetic-constant-00,file,65536,10,10,0,0,0,10,complete,true,true,140,0.00213623046875,468.1142857142857,16906783.5,0,0,8980777.5,0,0,3.8763542545327976,7.297580976620595,2793472,2793472,1884160,not-applicable,,,,,,,,,,
development,development-pilot-v3-current,local-x86-64,x86_64,36f84685dc00064dae9a239face7e8eff797ed28,1bd3a8a1a914bf55087f30b641adcacaac8d04f2cc5a9c21f3668bf2f6727da6,88ed376ce82fbd9301fe2fce71dd0e3a4af5f837450b50b8489d678b19d5fca7,1297748005,b5b163eb273291934556377ab883b4b2a5d4da50bd0dc0a91774ecc234ccd8d0,gnu-time-v1-monotonic-wall,3b11dec50514a8473e9f6efa7a34d584d0657538c09988f61b72d38ad4991a10,development,xz-9e,xz-9e,,1,false,dev-synthetic-lfsr8,file,65536,10,10,0,0,0,10,complete,true,true,412,0.00628662109375,159.06796116504853,17686945.5,0,0,8928898,0,0,3.7054221782883507,7.3397702315697266,3981312,3981312,1884160,not-applicable,,,,,,,,,,
development,development-pilot-v3-current,local-x86-64,x86_64,36f84685dc00064dae9a239face7e8eff797ed28,1bd3a8a1a914bf55087f30b641adcacaac8d04f2cc5a9c21f3668bf2f6727da6,88ed376ce82fbd9301fe2fce71dd0e3a4af5f837450b50b8489d678b19d5fca7,1297748005,b5b163eb273291934556377ab883b4b2a5d4da50bd0dc0a91774ecc234ccd8d0,gnu-time-v1-monotonic-wall,3b11dec50514a8473e9f6efa7a34d584d0657538c09988f61b72d38ad4991a10,development,xz-9e,xz-9e,,1,false,dev-synthetic-linear,file,65536,10,10,0,0,0,10,complete,true,true,384,0.005859375,170.66666666666666,16961186,0,0,8807176,0,0,3.8638980081119128,7.4412223403030859,3848192,3848192,1882112,not-applicable,,,,,,,,,,
development,development-pilot-v3-current,local-x86-64,x86_64,36f84685dc00064dae9a239face7e8eff797ed28,1bd3a8a1a914bf55087f30b641adcacaac8d04f2cc5a9c21f3668bf2f6727da6,88ed376ce82fbd9301fe2fce71dd0e3a4af5f837450b50b8489d678b19d5fca7,1297748005,b5b163eb273291934556377ab883b4b2a5d4da50bd0dc0a91774ecc234ccd8d0,gnu-time-v1-monotonic-wall,3b11dec50514a8473e9f6efa7a34d584d0657538c09988f61b72d38ad4991a10,development,xz-9e,xz-9e,,1,false,dev-synthetic-periodic,file,65536,10,10,0,0,0,10,complete,true,true,148,0.00225830078125,442.81081081081084,17005270,0,0,8980867,0,0,3.8538642848261793,7.2975971206345278,2801664,2801664,1884160,not-applicable,,,,,,,,,,
development,development-pilot-v3-current,local-x86-64,x86_64,36f84685dc00064dae9a239face7e8eff797ed28,1bd3a8a1a914bf55087f30b641adcacaac8d04f2cc5a9c21f3668bf2f6727da6,88ed376ce82fbd9301fe2fce71dd0e3a4af5f837450b50b8489d678b19d5fca7,1297748005,b5b163eb273291934556377ab883b4b2a5d4da50bd0dc0a91774ecc234ccd8d0,gnu-time-v1-monotonic-wall,3b11dec50514a8473e9f6efa7a34d584d0657538c09988f61b72d38ad4991a10,development,xz-9e,xz-9e,,1,false,dev-synthetic-piecewise-mixed,file,65536,10,10,0,0,0,10,complete,true,true,12424,0.1895751953125,5.2749517063747584,117438532,100000000,0.84796765013920772,9463754,0,0,0.55804535449707227,6.928430872346885,38453248,38453248,1884160,not-applicable,,,,,,,,,,
development,development-pilot-v3-current,local-x86-64,x86_64,36f84685dc00064dae9a239face7e8eff797ed28,1bd3a8a1a914bf55087f30b641adcacaac8d04f2cc5a9c21f3668bf2f6727da6,88ed376ce82fbd9301fe2fce71dd0e3a4af5f837450b50b8489d678b19d5fca7,1297748005,b5b163eb273291934556377ab883b4b2a5d4da50bd0dc0a91774ecc234ccd8d0,gnu-time-v1-monotonic-wall,3b11dec50514a8473e9f6efa7a34d584d0657538c09988f61b72d38ad4991a10,development,xz-9e,xz-9e,,1,false,dev-synthetic-polynomial-d2,file,65536,10,10,0,0,0,10,complete,true,true,412,0.00628662109375,159.06796116504853,16994253.5,0,0,9002876,0,0,3.8563781643848745,7.2798922744205772,3977216,3977216,1884160,not-applicable,,,,,,,,,,
development,development-pilot-v3-current,local-x86-64,x86_64,36f84685dc00064dae9a239face7e8eff797ed28,1bd3a8a1a914bf55087f30b641adcacaac8d04f2cc5a9c21f3668bf2f6727da6,88ed376ce82fbd9301fe2fce71dd0e3a4af5f837450b50b8489d678b19d5fca7,1297748005,b5b163eb273291934556377ab883b4b2a5d4da50bd0dc0a91774ecc234ccd8d0,gnu-time-v1-monotonic-wall,3b11dec50514a8473e9f6efa7a34d584d0657538c09988f61b72d38ad4991a10,development,xz-9e,xz-9e,,1,false,dev-synthetic-recurrence,file,65536,10,10,0,0,0,10,complete,true,true,544,0.00830078125,120.47058823529412,17152699.5,0,0,8809027.5,0,0,3.8209306856613185,7.4398991923136037,4505600,4505600,1882112,not-applicable,,,,,,,,,,
development,development-pilot-v3-current,local-x86-64,x86_64,36f84685dc00064dae9a239face7e8eff797ed28,1bd3a8a1a914bf55087f30b641adcacaac8d04f2cc5a9c21f3668bf2f6727da6,88ed376ce82fbd9301fe2fce71dd0e3a4af5f837450b50b8489d678b19d5fca7,1297748005,b5b163eb273291934556377ab883b4b2a5d4da50bd0dc0a91774ecc234ccd8d0,gnu-time-v1-monotonic-wall,3b11dec50514a8473e9f6efa7a34d584d0657538c09988f61b72d38ad4991a10,development,xz-9e,xz-9e,,1,false,__aggregate__,corpus,10114825,100,100,0,0,0,10,complete,true,true,4606124,0.45538345942712799,2.1959515201935509,8772098738,8525000000,0.97335710747310689,635505447.5,490000000,0.77057953659523759,1.1530678904409948,15.916192021289007,146057216,146057216,10272768,not-applicable,,,,,,,,,,
development,development-pilot-v3-current,local-x86-64,x86_64,36f84685dc00064dae9a239face7e8eff797ed28,56c1b7390551d55bb056da7122b41ac3f7e4459570e4627ac278f7c91d669491,88ed376ce82fbd9301fe2fce71dd0e3a4af5f837450b50b8489d678b19d5fca7,1297748005,87c0d5d060fd36c685b98a38611b7bd6c4614d40b36d29be84edcd6c173f8160,gnu-time-v1-monotonic-wall,3b11dec50514a8473e9f6efa7a34d584d0657538c09988f61b72d38ad4991a10,development,lz4,lz4,,1,false,dev-canterbury-alice29-txt,file,152089,10,10,0,0,0,10,complete,true,true,88718,0.58332949785980581,1.7142969859554995,9195180,0,0,8857504.5,0,0,16.547949687825199,17.170896079629692,1871872,1736704,1871872,not-applicable,,,,,,,,,,
development,development-pilot-v3-current,local-x86-64,x86_64,36f84685dc00064dae9a239face7e8eff797ed28,56c1b7390551d55bb056da7122b41ac3f7e4459570e4627ac278f7c91d669491,88ed376ce82fbd9301fe2fce71dd0e3a4af5f837450b50b8489d678b19d5fca7,1297748005,87c0d5d060fd36c685b98a38611b7bd6c4614d40b36d29be84edcd6c173f8160,gnu-time-v1-monotonic-wall,3b11dec50514a8473e9f6efa7a34d584d0657538c09988f61b72d38ad4991a10,development,lz4,lz4,,1,false,dev-canterbury-kennedy-xls,file,1029744,10,10,0,0,0,10,complete,true,true,374723,0.36389918270948896,2.7480138662425313,17172641.5,0,0,17101394,0,0,59.964223616257954,60.214076795613423,3035136,2881536,3035136,not-applicable,,,,,,,,,,
development,development-pilot-v3-current,local-x86-64,x86_64,36f84685dc00064dae9a239face7e8eff797ed28,56c1b7390551d55bb056da7122b41ac3f7e4459570e4627ac278f7c91d669491,88ed376ce82fbd9301fe2fce71dd0e3a4af5f837450b50b8489d678b19d5fca7,1297748005,87c0d5d060fd36c685b98a38611b7bd6c4614d40b36d29be84edcd6c173f8160,gnu-time-v1-monotonic-wall,3b11dec50514a8473e9f6efa7a34d584d0657538c09988f61b72d38ad4991a10,development,lz4,lz4,,1,false,dev-silesia-x-ray,file,8474240,10,10,0,0,0,10,complete,true,true,8406634,0.99202217543992144,1.0080419820822459,67145724,30000000,0.44583954319428243,65930215,30000000,0.45079281267627536,126.20682375509367,128.5375978860319,9986048,9850880,9986048,not-applicable,,,,,,,,,,
development,development-pilot-v3-current,local-x86-64,x86_64,36f84685dc00064dae9a239face7e8eff797ed28,56c1b7390551d55bb056da7122b41ac3f7e4459570e4627ac278f7c91d669491,88ed376ce82fbd9301fe2fce71dd0e3a4af5f837450b50b8489d678b19d5fca7,1297748005,87c0d5d060fd36c685b98a38611b7bd6c4614d40b36d29be84edcd6c173f8160,gnu-time-v1-monotonic-wall,3b11dec50514a8473e9f6efa7a34d584d0657538c09988f61b72d38ad4991a10,development,lz4,lz4,,1,false,dev-synthetic-constant-00,file,65536,10,10,0,0,0,10,complete,true,true,286,0.004364013671875,229.14685314685315,8823374,0,0,8746667.5,0,0,7.4275801791820619,7.4928836447126468,1740800,1740800,1740800,not-applicable,,,,,,,,,,
development,development-pilot-v3-current,local-x86-64,x86_64,36f84685dc00064dae9a239face7e8eff797ed28,56c1b7390551d55bb056da7122b41ac3f7e4459570e4627ac278f7c91d669491,88ed376ce82fbd9301fe2fce71dd0e3a4af5f837450b50b8489d678b19d5fca7,1297748005,87c0d5d060fd36c685b98a38611b7bd6c4614d40b36d29be84edcd6c173f8160,gnu-time-v1-monotonic-wall,3b11dec50514a8473e9f6efa7a34d584d0657538c09988f61b72d38ad4991a10,development,lz4,lz4,,1,false,dev-synthetic-lfsr8,file,65536,10,10,0,0,0,10,complete,true,true,540,0.00823974609375,121.36296296296297,8729033.5,0,0,8693699,0,0,7.5078717294942496,7.5383378904452591,1740800,1740800,1740800,not-applicable,,,,,,,,,,
development,development-pilot-v3-current,local-x86-64,x86_64,36f84685dc00064dae9a239face7e8eff797ed28,56c1b7390551d55bb056da7122b41ac3f7e4459570e4627ac278f7c91d669491,88ed376ce82fbd9301fe2fce71dd0e3a4af5f837450b50b8489d678b19d5fca7,1297748005,87c0d5d060fd36c685b98a38611b7bd6c4614d40b36d29be84edcd6c173f8160,gnu-time-v1-monotonic-wall,3b11dec50514a8473e9f6efa7a34d584d0657538c09988f61b72d38ad4991a10,development,lz4,lz4,,1,false,dev-synthetic-linear,file,65536,10,10,0,0,0,10,complete,true,true,541,0.0082550048828125,121.13863216266174,8875591,0,0,8834160.5,0,0,7.3842481016085024,7.4184790979243047,1740800,1740800,1740800,not-applicable,,,,,,,,,,
development,development-pilot-v3-current,local-x86-64,x86_64,36f84685dc00064dae9a239face7e8eff797ed28,56c1b7390551d55bb056da7122b41ac3f7e4459570e4627ac278f7c91d669491,88ed376ce82fbd9301fe2fce71dd0e3a4af5f837450b50b8489d678b19d5fca7,1297748005,87c0d5d060fd36c685b98a38611b7bd6c4614d40b36d29be84edcd6c173f8160,gnu-time-v1-monotonic-wall,3b11dec50514a8473e9f6efa7a34d584d0657538c09988f61b72d38ad4991a10,development,lz4,lz4,,1,false,dev-synthetic-periodic,file,65536,10,10,0,0,0,10,complete,true,true,292,0.00445556640625,224.43835616438355,8825773.5,0,0,8947016,0,0,7.4255334619611393,7.3249548165488623,1740800,1740800,1740800,not-applicable,,,,,,,,,,
development,development-pilot-v3-current,local-x86-64,x86_64,36f84685dc00064dae9a239face7e8eff797ed28,56c1b7390551d55bb056da7122b41ac3f7e4459570e4627ac278f7c91d669491,88ed376ce82fbd9301fe2fce71dd0e3a4af5f837450b50b8489d678b19d5fca7,1297748005,87c0d5d060fd36c685b98a38611b7bd6c4614d40b36d29be84edcd6c173f8160,gnu-time-v1-monotonic-wall,3b11dec50514a8473e9f6efa7a34d584d0657538c09988f61b72d38ad4991a10,development,lz4,lz4,,1,false,dev-synthetic-piecewise-mixed,file,65536,10,10,0,0,0,10,complete,true,true,13134,0.200408935546875,4.9897974722095322,8896605.5,0,0,8711770.5,0,0,7.3664723495980606,7.5227781093610293,1740800,1740800,1740800,not-applicable,,,,,,,,,,
development,development-pilot-v3-current,local-x86-64,x86_64,36f84685dc00064dae9a239face7e8eff797ed28,56c1b7390551d55bb056da7122b41ac3f7e4459570e4627ac278f7c91d669491,88ed376ce82fbd9301fe2fce71dd0e3a4af5f837450b50b8489d678b19d5fca7,1297748005,87c0d5d060fd36c685b98a38611b7bd6c4614d40b36d29be84edcd6c173f8160,gnu-time-v1-monotonic-wall,3b11dec50514a8473e9f6efa7a34d584d0657538c09988f61b72d38ad4991a10,development,lz4,lz4,,1,false,dev-synthetic-polynomial-d2,file,65536,10,10,0,0,0,10,complete,true,true,541,0.0082550048828125,121.13863216266174,8925377,0,0,8763772.5,0,0,7.3427068498910986,7.4783667018809439,1740800,1740800,1740800,not-applicable,,,,,,,,,,
development,development-pilot-v3-current,local-x86-64,x86_64,36f84685dc00064dae9a239face7e8eff797ed28,56c1b7390551d55bb056da7122b41ac3f7e4459570e4627ac278f7c91d669491,88ed376ce82fbd9301fe2fce71dd0e3a4af5f837450b50b8489d678b19d5fca7,1297748005,87c0d5d060fd36c685b98a38611b7bd6c4614d40b36d29be84edcd6c173f8160,gnu-time-v1-monotonic-wall,3b11dec50514a8473e9f6efa7a34d584d0657538c09988f61b72d38ad4991a10,development,lz4,lz4,,1,false,dev-synthetic-recurrence,file,65536,10,10,0,0,0,10,complete,true,true,670,0.010223388671875,97.814925373134329,8779118,0,0,8734859.5,0,0,7.4650206895362921,7.5028582928811769,1740800,1740800,1740800,not-applicable,,,,,,,,,,
development,development-pilot-v3-current,local-x86-64,x86_64,36f84685dc00064dae9a239face7e8eff797ed28,56c1b7390551d55bb056da7122b41ac3f7e4459570e4627ac278f7c91d669491,88ed376ce82fbd9301fe2fce71dd0e3a4af5f837450b50b8489d678b19d5fca7,1297748005,87c0d5d060fd36c685b98a38611b7bd6c4614d40b36d29be84edcd6c173f8160,gnu-time-v1-monotonic-wall,3b11dec50514a8473e9f6efa7a34d584d0657538c09988f61b72d38ad4991a10,development,lz4,lz4,,1,false,__aggregate__,corpus,10114825,100,100,0,0,0,10,complete,true,true,8886079,0.87852029076133298,1.1382776362893015,153902968.5,30000000,0.19261380536634698,151677702,30000000,0.19721378848363685,65.723063612361727,66.687201257535932,9986048,9850880,9986048,not-applicable,,,,,,,,,,
development,development-pilot-v3-current,local-x86-64,x86_64,36f84685dc00064dae9a239face7e8eff797ed28,8afdee0e1fe04f0a9c92a00ebbd438b50004de9dcdf47ce697a89ac0bdae40a5,88ed376ce82fbd9301fe2fce71dd0e3a4af5f837450b50b8489d678b19d5fca7,1297748005,7c5468b370f7c47eda07281e3437fafc568f95d10420051e3aa522709f9342c5,gnu-time-v1-monotonic-wall,3b11dec50514a8473e9f6efa7a34d584d0657538c09988f61b72d38ad4991a10,development,zstd-default,zstd-default,,1,false,dev-canterbury-alice29-txt,file,152089,10,10,0,0,0,10,complete,true,true,56999,0.37477398102426868,2.6682748820154738,16965828.5,0,0,9219342.5,0,0,8.964431938107186,16.497506173045224,3586048,3586048,2836480,not-applicable,,,,,,,,,,
development,development-pilot-v3-current,local-x86-64,x86_64,36f84685dc00064dae9a239face7e8eff797ed28,8afdee0e1fe04f0a9c92a00ebbd438b50004de9dcdf47ce697a89ac0bdae40a5,88ed376ce82fbd9301fe2fce71dd0e3a4af5f837450b50b8489d678b19d5fca7,1297748005,7c5468b370f7c47eda07281e3437fafc568f95d10420051e3aa522709f9342c5,gnu-time-v1-monotonic-wall,3b11dec50514a8473e9f6efa7a34d584d0657538c09988f61b72d38ad4991a10,development,zstd-default,zstd-default,,1,false,dev-canterbury-kennedy-xls,file,1029744,10,10,0,0,0,10,complete,true,true,111746,0.10851823365807424,9.2150412542730837,33191651.5,0,0,17110162,0,0,31.024194070473811,60.183750411013378,5287936,5287936,3612672,not-applicable,,,,,,,,,,
development,development-pilot-v3-current,local-x86-64,x86_64,36f84685dc00064dae9a239face7e8eff797ed28,8afdee0e1fe04f0a9c92a00ebbd438b50004de9dcdf47ce697a89ac0bdae40a5,88ed376ce82fbd9301fe2fce71dd0e3a4af5f837450b50b8489d678b19d5fca7,1297748005,7c5468b370f7c47eda07281e3437fafc568f95d10420051e3aa522709f9342c5,gnu-time-v1-monotonic-wall,3b11dec50514a8473e9f6efa7a34d584d0657538c09988f61b72d38ad4991a10,development,zstd-default,zstd-default,,1,false,dev-silesia-x-ray,file,8474240,10,10,0,0,0,10,complete,true,true,6086279,0.71820942054980741,1.3923515501014658,216413396,200000000,0.92015869017256113,65778644,40000000,0.60610484394420727,39.157797722449324,128.83032831392535,19240960,19240960,6311936,not-applicable,,,,,,,,,,
development,development-pilot-v3-current,local-x86-64,x86_64,36f84685dc00064dae9a239face7e8eff797ed28,8afdee0e1fe04f0a9c92a00ebbd438b50004de9dcdf47ce697a89ac0bdae40a5,88ed376ce82fbd9301fe2fce71dd0e3a4af5f837450b50b8489d678b19d5fca7,1297748005,7c5468b370f7c47eda07281e3437fafc568f95d10420051e3aa522709f9342c5,gnu-time-v1-monotonic-wall,3b11dec50514a8473e9f6efa7a34d584d0657538c09988f61b72d38ad4991a10,development,zstd-default,zstd-default,,1,false,dev-synthetic-constant-00,file,65536,10,10,0,0,0,10,complete,true,true,24,0.0003662109375,2730.6666666666665,9080822.5,0,0,8922912.5,0,0,7.2182816372264611,7.344702270136688,2969600,2969600,2721792,not-applicable,,,,,,,,,,
development,development-pilot-v3-current,local-x86-64,x86_64,36f84685dc00064dae9a239face7e8eff797ed28,8afdee0e1fe04f0a9c92a00ebbd438b50004de9dcdf47ce697a89ac0bdae40a5,88ed376ce82fbd9301fe2fce71dd0e3a4af5f837450b50b8489d678b19d5fca7,1297748005,7c5468b370f7c47eda07281e3437fafc568f95d10420051e3aa522709f9342c5,gnu-time-v1-monotonic-wall,3b11dec50514a8473e9f6efa7a34d584d0657538c09988f61b72d38ad4991a10,development,zstd-default,zstd-default,,1,false,dev-synthetic-lfsr8,file,65536,10,10,0,0,0,10,complete,true,true,279,0.0042572021484375,234.89605734767025,8986311,0,0,8836093,0,0,7.2942751246392543,7.4168528754224106,2928640,2928640,2725888,not-applicable,,,,,,,,,,
development,development-pilot-v3-current,local-x86-64,x86_64,36f84685dc00064dae9a239face7e8eff797ed28,8afdee0e1fe04f0a9c92a00ebbd438b50004de9dcdf47ce697a89ac0bdae40a5,88ed376ce82fbd9301fe2fce71dd0e3a4af5f837450b50b8489d678b19d5fca7,1297748005,7c5468b370f7c47eda07281e3437fafc568f95d10420051e3aa522709f9342c5,gnu-time-v1-monotonic-wall,3b11dec50514a8473e9f6efa7a34d584d0657538c09988f61b72d38ad4991a10,development,zstd-default,zstd-default,,1,false,dev-synthetic-linear,file,65536,10,10,0,0,0,10,complete,true,true,281,0.0042877197265625,233.22419928825622,9239022,0,0,8683111,0,0,7.1002480909268044,7.5475462623031504,2928640,2928640,2693120,not-applicable,,,,,,,,,,
development,development-pilot-v3-current,local-x86-64,x86_64,36f84685dc00064dae9a239face7e8eff797ed28,8afdee0e1fe04f0a9c92a00ebbd438b50004de9dcdf47ce697a89ac0bdae40a5,88ed376ce82fbd9301fe2fce71dd0e3a4af5f837450b50b8489d678b19d5fca7,1297748005,7c5468b370f7c47eda07281e3437fafc568f95d10420051e3aa522709f9342c5,gnu-time-v1-monotonic-wall,3b11dec50514a8473e9f6efa7a34d584d0657538c09988f61b72d38ad4991a10,development,zstd-default,zstd-default,,1,false,dev-synthetic-periodic,file,65536,10,10,0,0,0,10,complete,true,true,29,0.0004425048828125,2259.8620689655172,8902307.5,0,0,8819419.5,0,0,7.3617571055742088,7.4308812972986491,2920448,2920448,2723840,not-applicable,,,,,,,,,,
development,development-pilot-v3-current,local-x86-64,x86_64,36f84685dc00064dae9a239face7e8eff797ed28,8afdee0e1fe04f0a9c92a00ebbd438b50004de9dcdf47ce697a89ac0bdae40a5,88ed376ce82fbd9301fe2fce71dd0e3a4af5f837450b50b8489d678b19d5fca7,1297748005,7c5468b370f7c47eda07281e3437fafc568f95d10420051e3aa522709f9342c5,gnu-time-v1-monotonic-wall,3b11dec50514a8473e9f6efa7a34d584d0657538c09988f61b72d38ad4991a10,development,zstd-default,zstd-default,,1,false,dev-synthetic-piecewise-mixed,file,65536,10,10,0,0,0,10,complete,true,true,12951,0.1976165771484375,5.0603042236120759,8949032,0,0,8851531.5,0,0,7.3232782802655922,7.4039232008227742,2863104,2863104,2717696,not-applicable,,,,,,,,,,
development,development-pilot-v3-current,local-x86-64,x86_64,36f84685dc00064dae9a239face7e8eff797ed28,8afdee0e1fe04f0a9c92a00ebbd438b50004de9dcdf47ce697a89ac0bdae40a5,88ed376ce82fbd9301fe2fce71dd0e3a4af5f837450b50b8489d678b19d5fca7,1297748005,7c5468b370f7c47eda07281e3437fafc568f95d10420051e3aa522709f9342c5,gnu-time-v1-monotonic-wall,3b11dec50514a8473e9f6efa7a34d584d0657538c09988f61b72d38ad4991a10,development,zstd-default,zstd-default,,1,false,dev-synthetic-polynomial-d2,file,65536,10,10,0,0,0,10,complete,true,true,281,0.0042877197265625,233.22419928825622,9454778.5,0,0,9035219.5,0,0,6.9480571707068357,7.2534020255414235,2928640,2928640,2705408,not-applicable,,,,,,,,,,
development,development-pilot-v3-current,local-x86-64,x86_64,36f84685dc00064dae9a239face7e8eff797ed28,8afdee0e1fe04f0a9c92a00ebbd438b50004de9dcdf47ce697a89ac0bdae40a5,88ed376ce82fbd9301fe2fce71dd0e3a4af5f837450b50b8489d678b19d5fca7,1297748005,7c5468b370f7c47eda07281e3437fafc568f95d10420051e3aa522709f9342c5,gnu-time-v1-monotonic-wall,3b11dec50514a8473e9f6efa7a34d584d0657538c09988f61b72d38ad4991a10,development,zstd-default,zstd-default,,1,false,dev-synthetic-recurrence,file,65536,10,10,0,0,0,10,complete,true,true,409,0.0062408447265625,160.23471882640587,8979468,0,0,8882382.5,0,0,7.2984519328168709,7.3789188761469431,2920448,2920448,2689024,not-applicable,,,,,,,,,,
development,development-pilot-v3-current,local-x86-64,x86_64,36f84685dc00064dae9a239face7e8eff797ed28,8afdee0e1fe04f0a9c92a00ebbd438b50004de9dcdf47ce697a89ac0bdae40a5,88ed376ce82fbd9301fe2fce71dd0e3a4af5f837450b50b8489d678b19d5fca7,1297748005,7c5468b370f7c47eda07281e3437fafc568f95d10420051e3aa522709f9342c5,gnu-time-v1-monotonic-wall,3b11dec50514a8473e9f6efa7a34d584d0657538c09988f61b72d38ad4991a10,development,zstd-default,zstd-default,,1,false,__aggregate__,corpus,10114825,100,100,0,0,0,10,complete,true,true,6269278,0.61981082223370154,1.6133955138055769,331828873.5,200000000,0.6073865977455537,156168427.5,40000000,0.25522983374545621,30.482054870869124,64.769210005997778,19240960,19240960,6311936,not-applicable,,,,,,,,,,
development,development-pilot-v3-current,local-x86-64,x86_64,36f84685dc00064dae9a239face7e8eff797ed28,ab1a6fea843e305b09fbe834657f0edbca10ba12baddfc940f90efa8ef5ce4f5,88ed376ce82fbd9301fe2fce71dd0e3a4af5f837450b50b8489d678b19d5fca7,1297748005,cf043a438526f9d43144bf55c5cbfb3b69a3a9c91333d3c91f35be3b5f922663,gnu-time-v1-monotonic-wall,3b11dec50514a8473e9f6efa7a34d584d0657538c09988f61b72d38ad4991a10,development,mathsvg,balanced-v1,balanced,1,true,dev-canterbury-alice29-txt,file,152089,10,10,0,0,0,10,complete,true,true,73860,0.48563669956407102,2.0591524505821823,1172135510,1130000000,0.96135962346827553,67432810,30000000,0.44488729872000243,0.12975376902872851,2.2554154791675485,6324224,6324224,3581952,exact,152577,152577,0,0,78717,0,0,152089,0,1
development,development-pilot-v3-current,local-x86-64,x86_64,36f84685dc00064dae9a239face7e8eff797ed28,ab1a6fea843e305b09fbe834657f0edbca10ba12baddfc940f90efa8ef5ce4f5,88ed376ce82fbd9301fe2fce71dd0e3a4af5f837450b50b8489d678b19d5fca7,1297748005,cf043a438526f9d43144bf55c5cbfb3b69a3a9c91333d3c91f35be3b5f922663,gnu-time-v1-monotonic-wall,3b11dec50514a8473e9f6efa7a34d584d0657538c09988f61b72d38ad4991a10,development,mathsvg,balanced-v1,balanced,1,true,dev-canterbury-kennedy-xls,file,1029744,10,10,0,0,0,10,complete,true,true,243978,0.23693073229851302,4.2206428448466662,1220422613,1165000000,0.96874151017419852,165621497,100000000,0.60378635656736102,0.84376035901535351,6.2174537795710059,20611072,20611072,4784128,exact,1030232,1030232,0,0,786254,0,0,1029744,0,1
development,development-pilot-v3-current,local-x86-64,x86_64,36f84685dc00064dae9a239face7e8eff797ed28,ab1a6fea843e305b09fbe834657f0edbca10ba12baddfc940f90efa8ef5ce4f5,88ed376ce82fbd9301fe2fce71dd0e3a4af5f837450b50b8489d678b19d5fca7,1297748005,cf043a438526f9d43144bf55c5cbfb3b69a3a9c91333d3c91f35be3b5f922663,gnu-time-v1-monotonic-wall,3b11dec50514a8473e9f6efa7a34d584d0657538c09988f61b72d38ad4991a10,development,mathsvg,balanced-v1,balanced,1,true,dev-silesia-x-ray,file,8474240,10,10,0,0,0,10,complete,true,true,6801499,0.80260872951438711,1.2459371088637961,16486111730,16430000000,0.99709026540840739,2032194586,1990000000,0.97768020909371978,0.51402323880520862,4.1700013235370825,26937344,26937344,7350272,exact,8476584,8476584,0,0,1675085,0,0,8474240,0,1
development,development-pilot-v3-current,local-x86-64,x86_64,36f84685dc00064dae9a239face7e8eff797ed28,ab1a6fea843e305b09fbe834657f0edbca10ba12baddfc940f90efa8ef5ce4f5,88ed376ce82fbd9301fe2fce71dd0e3a4af5f837450b50b8489d678b19d5fca7,1297748005,cf043a438526f9d43144bf55c5cbfb3b69a3a9c91333d3c91f35be3b5f922663,gnu-time-v1-monotonic-wall,3b11dec50514a8473e9f6efa7a34d584d0657538c09988f61b72d38ad4991a10,development,mathsvg,balanced-v1,balanced,1,true,dev-synthetic-constant-00,file,65536,10,10,0,0,0,10,complete,true,true,485,0.0074005126953125,135.12577319587629,217211798.5,190000000,0.8691277315437671,9034448.5,0,0,0.3017150128523422,7.2540144988159412,4622336,4622336,3170304,exact,66024,485,65539,0,0,0,65536,0,1,0
development,development-pilot-v3-current,local-x86-64,x86_64,36f84685dc00064dae9a239face7e8eff797ed28,ab1a6fea843e305b09fbe834657f0edbca10ba12baddfc940f90efa8ef5ce4f5,88ed376ce82fbd9301fe2fce71dd0e3a4af5f837450b50b8489d678b19d5fca7,1297748005,cf043a438526f9d43144bf55c5cbfb3b69a3a9c91333d3c91f35be3b5f922663,gnu-time-v1-monotonic-wall,3b11dec50514a8473e9f6efa7a34d584d0657538c09988f61b72d38ad4991a10,development,mathsvg,balanced-v1,balanced,1,true,dev-synthetic-lfsr8,file,65536,10,10,0,0,0,10,complete,true,true,753,0.0114898681640625,87.033200531208493,266364012.5,230000000,0.86348008717717983,9026085.5,0,0,0.24603926518801589,7.2607786334514062,4675584,4675584,3188736,exact,66024,66024,0,0,65271,0,0,65536,0,1
development,development-pilot-v3-current,local-x86-64,x86_64,36f84685dc00064dae9a239face7e8eff797ed28,ab1a6fea843e305b09fbe834657f0edbca10ba12baddfc940f90efa8ef5ce4f5,88ed376ce82fbd9301fe2fce71dd0e3a4af5f837450b50b8489d678b19d5fca7,1297748005,cf043a438526f9d43144bf55c5cbfb3b69a3a9c91333d3c91f35be3b5f922663,gnu-time-v1-monotonic-wall,3b11dec50514a8473e9f6efa7a34d584d0657538c09988f61b72d38ad4991a10,development,mathsvg,balanced-v1,balanced,1,true,dev-synthetic-linear,file,65536,10,10,0,0,0,10,complete,true,true,489,0.0074615478515625,134.02044989775052,266354365,210000000,0.7865392537800332,17085112,0,0,0.24604816699914517,3.8358583036532652,4673536,4673536,3178496,exact,66024,489,65535,0,0,0,65536,0,1,0
development,development-pilot-v3-current,local-x86-64,x86_64,36f84685dc00064dae9a239face7e8eff797ed28,ab1a6fea843e305b09fbe834657f0edbca10ba12baddfc940f90efa8ef5ce4f5,88ed376ce82fbd9301fe2fce71dd0e3a4af5f837450b50b8489d678b19d5fca7,1297748005,cf043a438526f9d43144bf55c5cbfb3b69a3a9c91333d3c91f35be3b5f922663,gnu-time-v1-monotonic-wall,3b11dec50514a8473e9f6efa7a34d584d0657538c09988f61b72d38ad4991a10,development,mathsvg,balanced-v1,balanced,1,true,dev-synthetic-periodic,file,65536,10,10,0,0,0,10,complete,true,true,494,0.007537841796875,132.66396761133603,216917153.5,200000000,0.89801016098635789,9279621.5,0,0,0.30212528753660106,7.064589840922519,4620288,4620288,3139584,exact,66024,494,65530,0,0,0,65536,0,1,0
development,development-pilot-v3-current,local-x86-64,x86_64,36f84685dc00064dae9a239face7e8eff797ed28,ab1a6fea843e305b09fbe834657f0edbca10ba12baddfc940f90efa8ef5ce4f5,88ed376ce82fbd9301fe2fce71dd0e3a4af5f837450b50b8489d678b19d5fca7,1297748005,cf043a438526f9d43144bf55c5cbfb3b69a3a9c91333d3c91f35be3b5f922663,gnu-time-v1-monotonic-wall,3b11dec50514a8473e9f6efa7a34d584d0657538c09988f61b72d38ad4991a10,development,mathsvg,balanced-v1,balanced,1,true,dev-synthetic-piecewise-mixed,file,65536,10,10,0,0,0,10,complete,true,true,13203,0.2014617919921875,4.9637203665833525,267214273.5,230000000,0.86192589330302849,9242456.5,0,0,0.24525657081722238,7.0946089346052643,4753408,4753408,3155968,exact,66024,66024,0,0,52821,0,0,65536,0,1
development,development-pilot-v3-current,local-x86-64,x86_64,36f84685dc00064dae9a239face7e8eff797ed28,ab1a6fea843e305b09fbe834657f0edbca10ba12baddfc940f90efa8ef5ce4f5,88ed376ce82fbd9301fe2fce71dd0e3a4af5f837450b50b8489d678b19d5fca7,1297748005,cf043a438526f9d43144bf55c5cbfb3b69a3a9c91333d3c91f35be3b5f922663,gnu-time-v1-monotonic-wall,3b11dec50514a8473e9f6efa7a34d584d0657538c09988f61b72d38ad4991a10,development,mathsvg,balanced-v1,balanced,1,true,dev-synthetic-polynomial-d2,file,65536,10,10,0,0,0,10,complete,true,true,754,0.011505126953125,86.91777188328912,167371031,140000000,0.83646528050957791,9864013.5,0,0,0.39156134731054071,6.6509833510562331,4669440,4669440,3186688,exact,66024,66024,0,0,65270,0,0,65536,0,1
development,development-pilot-v3-current,local-x86-64,x86_64,36f84685dc00064dae9a239face7e8eff797ed28,ab1a6fea843e305b09fbe834657f0edbca10ba12baddfc940f90efa8ef5ce4f5,88ed376ce82fbd9301fe2fce71dd0e3a4af5f837450b50b8489d678b19d5fca7,1297748005,cf043a438526f9d43144bf55c5cbfb3b69a3a9c91333d3c91f35be3b5f922663,gnu-time-v1-monotonic-wall,3b11dec50514a8473e9f6efa7a34d584d0657538c09988f61b72d38ad4991a10,development,mathsvg,balanced-v1,balanced,1,true,dev-synthetic-recurrence,file,65536,10,10,0,0,0,10,complete,true,true,882,0.013458251953125,74.303854875283449,216707101.5,170000000,0.78594859641289694,9814858,0,0,0.30241915488164173,6.6858635844297245,4669440,4669440,3201024,exact,66024,66024,0,0,65142,0,0,65536,0,1
development,development-pilot-v3-current,local-x86-64,x86_64,36f84685dc00064dae9a239face7e8eff797ed28,ab1a6fea843e305b09fbe834657f0edbca10ba12baddfc940f90efa8ef5ce4f5,88ed376ce82fbd9301fe2fce71dd0e3a4af5f837450b50b8489d678b19d5fca7,1297748005,cf043a438526f9d43144bf55c5cbfb3b69a3a9c91333d3c91f35be3b5f922663,gnu-time-v1-monotonic-wall,3b11dec50514a8473e9f6efa7a34d584d0657538c09988f61b72d38ad4991a10,development,mathsvg,balanced-v1,balanced,1,true,__aggregate__,corpus,10114825,100,100,0,0,0,10,complete,true,true,7136397,0.70553835582919133,1.4173573863673783,20510733297,20100000000,0.97999463807154452,2345268256,2120000000,0.90609437487111566,0.49314790952598531,4.3128829101813366,26937344,26937344,7350272,exact,10121561,9924957,196604,0,2788560,0,196608,9918217,0.019437607669930027,0.98056239233006992
development,development-pilot-v3-current,local-x86-64,x86_64,36f84685dc00064dae9a239face7e8eff797ed28,bf920ab8461c6c60c8cc32db3d853f55655e60793cf7f64068847ad56c2b2e67,88ed376ce82fbd9301fe2fce71dd0e3a4af5f837450b50b8489d678b19d5fca7,1297748005,afea077ce127d4fa9ad410d3066ba2b54dea19c0b44f04adf56c72d5f7b7a9bb,gnu-time-v1-monotonic-wall,3b11dec50514a8473e9f6efa7a34d584d0657538c09988f61b72d38ad4991a10,development,gzip-6,gzip-6,,1,false,dev-canterbury-alice29-txt,file,152089,10,10,0,0,0,10,complete,true,true,54423,0.35783652992655618,2.7945721478051557,27760781,10000000,0.37382891370139909,8992996,0,0,5.685526565593209,16.911942582765946,1822720,1822720,1560576,not-applicable,,,,,,,,,,
development,development-pilot-v3-current,local-x86-64,x86_64,36f84685dc00064dae9a239face7e8eff797ed28,bf920ab8461c6c60c8cc32db3d853f55655e60793cf7f64068847ad56c2b2e67,88ed376ce82fbd9301fe2fce71dd0e3a4af5f837450b50b8489d678b19d5fca7,1297748005,afea077ce127d4fa9ad410d3066ba2b54dea19c0b44f04adf56c72d5f7b7a9bb,gnu-time-v1-monotonic-wall,3b11dec50514a8473e9f6efa7a34d584d0657538c09988f61b72d38ad4991a10,development,gzip-6,gzip-6,,1,false,dev-canterbury-kennedy-xls,file,1029744,10,10,0,0,0,10,complete,true,true,206767,0.20079456641650739,4.9802144442778591,65435757.5,50000000,0.76411039256929736,17288011,0,0,15.73676184171757,59.565350052267505,1953792,1953792,1691648,not-applicable,,,,,,,,,,
development,development-pilot-v3-current,local-x86-64,x86_64,36f84685dc00064dae9a239face7e8eff797ed28,bf920ab8461c6c60c8cc32db3d853f55655e60793cf7f64068847ad56c2b2e67,88ed376ce82fbd9301fe2fce71dd0e3a4af5f837450b50b8489d678b19d5fca7,1297748005,afea077ce127d4fa9ad410d3066ba2b54dea19c0b44f04adf56c72d5f7b7a9bb,gnu-time-v1-monotonic-wall,3b11dec50514a8473e9f6efa7a34d584d0657538c09988f61b72d38ad4991a10,development,gzip-6,gzip-6,,1,false,dev-silesia-x-ray,file,8474240,10,10,0,0,0,10,complete,true,true,6037788,0.71248725549429803,1.4035338769761376,569268539.5,530000000,0.93342771231144406,167066728.5,120000000,0.71540436926893447,14.886213103572498,50.724079436822954,2084864,2084864,1822720,not-applicable,,,,,,,,,,
development,development-pilot-v3-current,local-x86-64,x86_64,36f84685dc00064dae9a239face7e8eff797ed28,bf920ab8461c6c60c8cc32db3d853f55655e60793cf7f64068847ad56c2b2e67,88ed376ce82fbd9301fe2fce71dd0e3a4af5f837450b50b8489d678b19d5fca7,1297748005,afea077ce127d4fa9ad410d3066ba2b54dea19c0b44f04adf56c72d5f7b7a9bb,gnu-time-v1-monotonic-wall,3b11dec50514a8473e9f6efa7a34d584d0657538c09988f61b72d38ad4991a10,development,gzip-6,gzip-6,,1,false,dev-synthetic-constant-00,file,65536,10,10,0,0,0,10,complete,true,true,96,0.00146484375,682.66666666666663,8793838,0,0,8664121.5,0,0,7.4524927292050069,7.5640675897156964,1691648,1691648,1560576,not-applicable,,,,,,,,,,
development,development-pilot-v3-current,local-x86-64,x86_64,36f84685dc00064dae9a239face7e8eff797ed28,bf920ab8461c6c60c8cc32db3d853f55655e60793cf7f64068847ad56c2b2e67,88ed376ce82fbd9301fe2fce71dd0e3a4af5f837450b50b8489d678b19d5fca7,1297748005,afea077ce127d4fa9ad410d3066ba2b54dea19c0b44f04adf56c72d5f7b7a9bb,gnu-time-v1-monotonic-wall,3b11dec50514a8473e9f6efa7a34d584d0657538c09988f61b72d38ad4991a10,development,gzip-6,gzip-6,,1,false,dev-synthetic-lfsr8,file,65536,10,10,0,0,0,10,complete,true,true,598,0.009124755859375,109.59197324414716,8991603,0,0,8743790.5,0,0,7.2891598444910342,7.49526367337225,1691648,1691648,1560576,not-applicable,,,,,,,,,,
development,development-pilot-v3-current,local-x86-64,x86_64,36f84685dc00064dae9a239face7e8eff797ed28,bf920ab8461c6c60c8cc32db3d853f55655e60793cf7f64068847ad56c2b2e67,88ed376ce82fbd9301fe2fce71dd0e3a4af5f837450b50b8489d678b19d5fca7,1297748005,afea077ce127d4fa9ad410d3066ba2b54dea19c0b44f04adf56c72d5f7b7a9bb,gnu-time-v1-monotonic-wall,3b11dec50514a8473e9f6efa7a34d584d0657538c09988f61b72d38ad4991a10,development,gzip-6,gzip-6,,1,false,dev-synthetic-linear,file,65536,10,10,0,0,0,10,complete,true,true,597,0.0091094970703125,109.77554438860972,8748238,0,0,8675402.5,0,0,7.4913450009421831,7.5544209950829631,1691648,1691648,1560576,not-applicable,,,,,,,,,,
development,development-pilot-v3-current,local-x86-64,x86_64,36f84685dc00064dae9a239face7e8eff797ed28,bf920ab8461c6c60c8cc32db3d853f55655e60793cf7f64068847ad56c2b2e67,88ed376ce82fbd9301fe2fce71dd0e3a4af5f837450b50b8489d678b19d5fca7,1297748005,afea077ce127d4fa9ad410d3066ba2b54dea19c0b44f04adf56c72d5f7b7a9bb,gnu-time-v1-monotonic-wall,3b11dec50514a8473e9f6efa7a34d584d0657538c09988f61b72d38ad4991a10,development,gzip-6,gzip-6,,1,false,dev-synthetic-periodic,file,65536,10,10,0,0,0,10,complete,true,true,139,0.0021209716796875,471.48201438848923,8889573.5,0,0,8770335,0,0,7.3722323338938587,7.4724631712273784,1691648,1691648,1560576,not-applicable,,,,,,,,,,
development,development-pilot-v3-current,local-x86-64,x86_64,36f84685dc00064dae9a239face7e8eff797ed28,bf920ab8461c6c60c8cc32db3d853f55655e60793cf7f64068847ad56c2b2e67,88ed376ce82fbd9301fe2fce71dd0e3a4af5f837450b50b8489d678b19d5fca7,1297748005,afea077ce127d4fa9ad410d3066ba2b54dea19c0b44f04adf56c72d5f7b7a9bb,gnu-time-v1-monotonic-wall,3b11dec50514a8473e9f6efa7a34d584d0657538c09988f61b72d38ad4991a10,development,gzip-6,gzip-6,,1,false,dev-synthetic-piecewise-mixed,file,65536,10,10,0,0,0,10,complete,true,true,12684,0.19354248046875,5.1668243456322926,8844222.5,0,0,8774674,0,0,7.4100416360261114,7.4687943761234656,1691648,1691648,1560576,not-applicable,,,,,,,,,,
development,development-pilot-v3-current,local-x86-64,x86_64,36f84685dc00064dae9a239face7e8eff797ed28,bf920ab8461c6c60c8cc32db3d853f55655e60793cf7f64068847ad56c2b2e67,88ed376ce82fbd9301fe2fce71dd0e3a4af5f837450b50b8489d678b19d5fca7,1297748005,afea077ce127d4fa9ad410d3066ba2b54dea19c0b44f04adf56c72d5f7b7a9bb,gnu-time-v1-monotonic-wall,3b11dec50514a8473e9f6efa7a34d584d0657538c09988f61b72d38ad4991a10,development,gzip-6,gzip-6,,1,false,dev-synthetic-polynomial-d2,file,65536,10,10,0,0,0,10,complete,true,true,594,0.009063720703125,110.32996632996633,8819499,0,0,9213679.5,0,0,7.4308837270547059,7.1303199591754396,1691648,1691648,1560576,not-applicable,,,,,,,,,,
development,development-pilot-v3-current,local-x86-64,x86_64,36f84685dc00064dae9a239face7e8eff797ed28,bf920ab8461c6c60c8cc32db3d853f55655e60793cf7f64068847ad56c2b2e67,88ed376ce82fbd9301fe2fce71dd0e3a4af5f837450b50b8489d678b19d5fca7,1297748005,afea077ce127d4fa9ad410d3066ba2b54dea19c0b44f04adf56c72d5f7b7a9bb,gnu-time-v1-monotonic-wall,3b11dec50514a8473e9f6efa7a34d584d0657538c09988f61b72d38ad4991a10,development,gzip-6,gzip-6,,1,false,dev-synthetic-recurrence,file,65536,10,10,0,0,0,10,complete,true,true,785,0.0119781494140625,83.485350318471333,8901936.5,0,0,8918383.5,0,0,7.3619959820676133,7.3484228381809871,1691648,1691648,1560576,not-applicable,,,,,,,,,,
development,development-pilot-v3-current,local-x86-64,x86_64,36f84685dc00064dae9a239face7e8eff797ed28,bf920ab8461c6c60c8cc32db3d853f55655e60793cf7f64068847ad56c2b2e67,88ed376ce82fbd9301fe2fce71dd0e3a4af5f837450b50b8489d678b19d5fca7,1297748005,afea077ce127d4fa9ad410d3066ba2b54dea19c0b44f04adf56c72d5f7b7a9bb,gnu-time-v1-monotonic-wall,3b11dec50514a8473e9f6efa7a34d584d0657538c09988f61b72d38ad4991a10,development,gzip-6,gzip-6,,1,false,__aggregate__,corpus,10114825,100,100,0,0,0,10,complete,true,true,6314471,0.62427881846695321,1.6018483575267033,731570452,590000000,0.81133069947231296,255624919.5,120000000,0.46926247586254399,13.826237300913029,39.569113589459164,2084864,2084864,1822720,not-applicable,,,,,,,,,,
