baseline_codec,baseline_config,mathsvg_profile,dataset,file,original_bytes,baseline_bytes,mathsvg_bytes,baseline_compression_ns,mathsvg_compression_ns,baseline_decompression_ns,mathsvg_decompression_ns,baseline_peak_rss,mathsvg_peak_rss,size_not_worse,compression_not_worse,decompression_not_worse,memory_not_worse,strict_metric_count,confidence_status,roundtrip_ok,native_mathsvg,schema_version,row_scope,experiment_id,machine_id,architecture,source_commit,dataset_manifest_sha256,randomization_seed,measurement_method,measurement_tool_sha256,split,dataset_id,input_sha256,threads,mathsvg_codec,mathsvg_codec_config,mathsvg_config_sha256,mathsvg_executable_sha256,mathsvg_status,baseline_config_sha256,baseline_executable_sha256,baseline_status,size_confidence_status,compression_confidence_status,decompression_confidence_status,memory_confidence_status,comparison_status,certificate_pass,failure_reason
gzip-6,gzip-6,balanced,development,__aggregate__,10114825,6314471,7136397,732743671.5,14623350110,253848871,2341746964.5,2084864,25526272,false,false,false,false,0,confirmed,true,true,1,corpus,development-pilot-v5-pruned,local-x86-64,x86_64,36f84685dc00064dae9a239face7e8eff797ed28,88ed376ce82fbd9301fe2fce71dd0e3a4af5f837450b50b8489d678b19d5fca7,1297748005,gnu-time-v1-monotonic-wall,3b11dec50514a8473e9f6efa7a34d584d0657538c09988f61b72d38ad4991a10,development,__aggregate__,,1,mathsvg,balanced-v1,70bb1e0dd999f0b072e68b38dc1ccb8bfc77175771bc5f1175f649a0aafa789e,ab97034b57f903c5b9a509737b12da0980892412e2c38dfe00ba1ff077eabbbf,complete,bf920ab8461c6c60c8cc32db3d853f55655e60793cf7f64068847ad56c2b2e67,afea077ce127d4fa9ad410d3066ba2b54dea19c0b44f04adf56c72d5f7b7a9bb,complete,confirmed,confirmed,confirmed,confirmed,fail,false,size worse by 821926 (13.0165%); compression worse by 13890606438.5 (1895.7%); decompression worse by 2087898093.5 (822.497%); memory worse by 23441408 (1124.36%)
lz4,lz4,balanced,development,__aggregate__,10114825,8886079,7136397,154801017.5,14623350110,153314580,2341746964.5,9996288,25526272,true,false,false,false,1,confirmed,true,true,1,corpus,development-pilot-v5-pruned,local-x86-64,x86_64,36f84685dc00064dae9a239face7e8eff797ed28,88ed376ce82fbd9301fe2fce71dd0e3a4af5f837450b50b8489d678b19d5fca7,1297748005,gnu-time-v1-monotonic-wall,3b11dec50514a8473e9f6efa7a34d584d0657538c09988f61b72d38ad4991a10,development,__aggregate__,,1,mathsvg,balanced-v1,70bb1e0dd999f0b072e68b38dc1ccb8bfc77175771bc5f1175f649a0aafa789e,ab97034b57f903c5b9a509737b12da0980892412e2c38dfe00ba1ff077eabbbf,complete,56c1b7390551d55bb056da7122b41ac3f7e4459570e4627ac278f7c91d669491,87c0d5d060fd36c685b98a38611b7bd6c4614d40b36d29be84edcd6c173f8160,complete,confirmed,confirmed,confirmed,confirmed,fail,false,compression worse by 14468549092.5 (9346.55%); decompression worse by 2188432384.5 (1427.41%); memory worse by 15529984 (155.358%)
xz-9e,xz-9e,balanced,development,__aggregate__,10114825,4606124,7136397,8982186399.5,14623350110,632849277,2341746964.5,146055168,25526272,false,false,false,true,1,confirmed,true,true,1,corpus,development-pilot-v5-pruned,local-x86-64,x86_64,36f84685dc00064dae9a239face7e8eff797ed28,88ed376ce82fbd9301fe2fce71dd0e3a4af5f837450b50b8489d678b19d5fca7,1297748005,gnu-time-v1-monotonic-wall,3b11dec50514a8473e9f6efa7a34d584d0657538c09988f61b72d38ad4991a10,development,__aggregate__,,1,mathsvg,balanced-v1,70bb1e0dd999f0b072e68b38dc1ccb8bfc77175771bc5f1175f649a0aafa789e,ab97034b57f903c5b9a509737b12da0980892412e2c38dfe00ba1ff077eabbbf,complete,1bd3a8a1a914bf55087f30b641adcacaac8d04f2cc5a9c21f3668bf2f6727da6,b5b163eb273291934556377ab883b4b2a5d4da50bd0dc0a91774ecc234ccd8d0,complete,confirmed,confirmed,confirmed,confirmed,fail,false,size worse by 2530273 (54.9328%); compression worse by 5641163710.5 (62.8039%); decompression worse by 1708897687.5 (270.032%)
zstd-default,zstd-default,balanced,development,__aggregate__,10114825,6269278,7136397,341505484.5,14623350110,158080636,2341746964.5,19281920,25526272,false,false,false,false,0,confirmed,true,true,1,corpus,development-pilot-v5-pruned,local-x86-64,x86_64,36f84685dc00064dae9a239face7e8eff797ed28,88ed376ce82fbd9301fe2fce71dd0e3a4af5f837450b50b8489d678b19d5fca7,1297748005,gnu-time-v1-monotonic-wall,3b11dec50514a8473e9f6efa7a34d584d0657538c09988f61b72d38ad4991a10,development,__aggregate__,,1,mathsvg,balanced-v1,70bb1e0dd999f0b072e68b38dc1ccb8bfc77175771bc5f1175f649a0aafa789e,ab97034b57f903c5b9a509737b12da0980892412e2c38dfe00ba1ff077eabbbf,complete,8afdee0e1fe04f0a9c92a00ebbd438b50004de9dcdf47ce697a89ac0bdae40a5,7c5468b370f7c47eda07281e3437fafc568f95d10420051e3aa522709f9342c5,complete,confirmed,confirmed,confirmed,confirmed,fail,false,size worse by 867119 (13.8312%); compression worse by 14281844625.5 (4182.02%); decompression worse by 2183666328.5 (1381.36%); memory worse by 6244352 (32.3845%)
gzip-6,gzip-6,balanced,development,datasets/data/canterbury/alice29.txt,152089,54423,73860,33173412,265977593,9026972,65799421,1822720,6311936,false,false,false,false,0,confirmed,true,true,1,file,development-pilot-v5-pruned,local-x86-64,x86_64,36f84685dc00064dae9a239face7e8eff797ed28,88ed376ce82fbd9301fe2fce71dd0e3a4af5f837450b50b8489d678b19d5fca7,1297748005,gnu-time-v1-monotonic-wall,3b11dec50514a8473e9f6efa7a34d584d0657538c09988f61b72d38ad4991a10,development,dev-canterbury-alice29-txt,7467306ee0feed4971260f3c87421154a05be571d944e9cb021a5713700c38f0,1,mathsvg,balanced-v1,70bb1e0dd999f0b072e68b38dc1ccb8bfc77175771bc5f1175f649a0aafa789e,ab97034b57f903c5b9a509737b12da0980892412e2c38dfe00ba1ff077eabbbf,complete,bf920ab8461c6c60c8cc32db3d853f55655e60793cf7f64068847ad56c2b2e67,afea077ce127d4fa9ad410d3066ba2b54dea19c0b44f04adf56c72d5f7b7a9bb,complete,confirmed,confirmed,confirmed,confirmed,fail,false,size worse by 19437 (35.7147%); compression worse by 232804181 (701.779%); decompression worse by 56772449 (628.92%); memory worse by 4489216 (246.292%)
lz4,lz4,balanced,development,datasets/data/canterbury/alice29.txt,152089,88718,73860,8852557.5,265977593,8832975.5,65799421,1871872,6311936,true,false,false,false,1,confirmed,true,true,1,file,development-pilot-v5-pruned,local-x86-64,x86_64,36f84685dc00064dae9a239face7e8eff797ed28,88ed376ce82fbd9301fe2fce71dd0e3a4af5f837450b50b8489d678b19d5fca7,1297748005,gnu-time-v1-monotonic-wall,3b11dec50514a8473e9f6efa7a34d584d0657538c09988f61b72d38ad4991a10,development,dev-canterbury-alice29-txt,7467306ee0feed4971260f3c87421154a05be571d944e9cb021a5713700c38f0,1,mathsvg,balanced-v1,70bb1e0dd999f0b072e68b38dc1ccb8bfc77175771bc5f1175f649a0aafa789e,ab97034b57f903c5b9a509737b12da0980892412e2c38dfe00ba1ff077eabbbf,complete,56c1b7390551d55bb056da7122b41ac3f7e4459570e4627ac278f7c91d669491,87c0d5d060fd36c685b98a38611b7bd6c4614d40b36d29be84edcd6c173f8160,complete,confirmed,confirmed,confirmed,confirmed,fail,false,compression worse by 257125035.5 (2904.53%); decompression worse by 56966445.5 (644.929%); memory worse by 4440064 (237.199%)
xz-9e,xz-9e,balanced,development,datasets/data/canterbury/alice29.txt,152089,48528,73860,166481813,265977593,17138390.5,65799421,30453760,6311936,false,false,false,true,1,confirmed,true,true,1,file,development-pilot-v5-pruned,local-x86-64,x86_64,36f84685dc00064dae9a239face7e8eff797ed28,88ed376ce82fbd9301fe2fce71dd0e3a4af5f837450b50b8489d678b19d5fca7,1297748005,gnu-time-v1-monotonic-wall,3b11dec50514a8473e9f6efa7a34d584d0657538c09988f61b72d38ad4991a10,development,dev-canterbury-alice29-txt,7467306ee0feed4971260f3c87421154a05be571d944e9cb021a5713700c38f0,1,mathsvg,balanced-v1,70bb1e0dd999f0b072e68b38dc1ccb8bfc77175771bc5f1175f649a0aafa789e,ab97034b57f903c5b9a509737b12da0980892412e2c38dfe00ba1ff077eabbbf,complete,1bd3a8a1a914bf55087f30b641adcacaac8d04f2cc5a9c21f3668bf2f6727da6,b5b163eb273291934556377ab883b4b2a5d4da50bd0dc0a91774ecc234ccd8d0,complete,confirmed,confirmed,confirmed,confirmed,fail,false,size worse by 25332 (52.2008%); compression worse by 99495780 (59.7638%); decompression worse by 48661030.5 (283.93%)
zstd-default,zstd-default,balanced,development,datasets/data/canterbury/alice29.txt,152089,56999,73860,17071595,265977593,9063943,65799421,3584000,6311936,false,false,false,false,0,confirmed,true,true,1,file,development-pilot-v5-pruned,local-x86-64,x86_64,36f84685dc00064dae9a239face7e8eff797ed28,88ed376ce82fbd9301fe2fce71dd0e3a4af5f837450b50b8489d678b19d5fca7,1297748005,gnu-time-v1-monotonic-wall,3b11dec50514a8473e9f6efa7a34d584d0657538c09988f61b72d38ad4991a10,development,dev-canterbury-alice29-txt,7467306ee0feed4971260f3c87421154a05be571d944e9cb021a5713700c38f0,1,mathsvg,balanced-v1,70bb1e0dd999f0b072e68b38dc1ccb8bfc77175771bc5f1175f649a0aafa789e,ab97034b57f903c5b9a509737b12da0980892412e2c38dfe00ba1ff077eabbbf,complete,8afdee0e1fe04f0a9c92a00ebbd438b50004de9dcdf47ce697a89ac0bdae40a5,7c5468b370f7c47eda07281e3437fafc568f95d10420051e3aa522709f9342c5,complete,confirmed,confirmed,confirmed,confirmed,fail,false,size worse by 16861 (29.5812%); compression worse by 248905998 (1458.01%); decompression worse by 56735478 (625.947%); memory worse by 2727936 (76.1143%)
gzip-6,gzip-6,balanced,development,datasets/data/canterbury/kennedy.xls,1029744,206767,243978,65943170.5,871223957,16992244.5,167057864,1953792,20563968,false,false,false,false,0,confirmed,true,true,1,file,development-pilot-v5-pruned,local-x86-64,x86_64,36f84685dc00064dae9a239face7e8eff797ed28,88ed376ce82fbd9301fe2fce71dd0e3a4af5f837450b50b8489d678b19d5fca7,1297748005,gnu-time-v1-monotonic-wall,3b11dec50514a8473e9f6efa7a34d584d0657538c09988f61b72d38ad4991a10,development,dev-canterbury-kennedy-xls,9af47239ca29dfe20e633f80bbbb9a4cc9783d0803d7b2b5626f42e4c3790420,1,mathsvg,balanced-v1,70bb1e0dd999f0b072e68b38dc1ccb8bfc77175771bc5f1175f649a0aafa789e,ab97034b57f903c5b9a509737b12da0980892412e2c38dfe00ba1ff077eabbbf,complete,bf920ab8461c6c60c8cc32db3d853f55655e60793cf7f64068847ad56c2b2e67,afea077ce127d4fa9ad410d3066ba2b54dea19c0b44f04adf56c72d5f7b7a9bb,complete,confirmed,confirmed,confirmed,confirmed,fail,false,size worse by 37211 (17.9966%); compression worse by 805280786.5 (1221.17%); decompression worse by 150065619.5 (883.142%); memory worse by 18610176 (952.516%)
lz4,lz4,balanced,development,datasets/data/canterbury/kennedy.xls,1029744,374723,243978,17592312.5,871223957,16965948,167057864,3035136,20563968,true,false,false,false,1,confirmed,true,true,1,file,development-pilot-v5-pruned,local-x86-64,x86_64,36f84685dc00064dae9a239face7e8eff797ed28,88ed376ce82fbd9301fe2fce71dd0e3a4af5f837450b50b8489d678b19d5fca7,1297748005,gnu-time-v1-monotonic-wall,3b11dec50514a8473e9f6efa7a34d584d0657538c09988f61b72d38ad4991a10,development,dev-canterbury-kennedy-xls,9af47239ca29dfe20e633f80bbbb9a4cc9783d0803d7b2b5626f42e4c3790420,1,mathsvg,balanced-v1,70bb1e0dd999f0b072e68b38dc1ccb8bfc77175771bc5f1175f649a0aafa789e,ab97034b57f903c5b9a509737b12da0980892412e2c38dfe00ba1ff077eabbbf,complete,56c1b7390551d55bb056da7122b41ac3f7e4459570e4627ac278f7c91d669491,87c0d5d060fd36c685b98a38611b7bd6c4614d40b36d29be84edcd6c173f8160,complete,confirmed,confirmed,confirmed,confirmed,fail,false,compression worse by 853631644.5 (4852.3%); decompression worse by 150091916 (884.666%); memory worse by 17528832 (577.53%)
xz-9e,xz-9e,balanced,development,datasets/data/canterbury/kennedy.xls,1029744,51868,243978,2002461647,871223957,33432411.5,167057864,35305472,20563968,false,true,false,true,2,confirmed,true,true,1,file,development-pilot-v5-pruned,local-x86-64,x86_64,36f84685dc00064dae9a239face7e8eff797ed28,88ed376ce82fbd9301fe2fce71dd0e3a4af5f837450b50b8489d678b19d5fca7,1297748005,gnu-time-v1-monotonic-wall,3b11dec50514a8473e9f6efa7a34d584d0657538c09988f61b72d38ad4991a10,development,dev-canterbury-kennedy-xls,9af47239ca29dfe20e633f80bbbb9a4cc9783d0803d7b2b5626f42e4c3790420,1,mathsvg,balanced-v1,70bb1e0dd999f0b072e68b38dc1ccb8bfc77175771bc5f1175f649a0aafa789e,ab97034b57f903c5b9a509737b12da0980892412e2c38dfe00ba1ff077eabbbf,complete,1bd3a8a1a914bf55087f30b641adcacaac8d04f2cc5a9c21f3668bf2f6727da6,b5b163eb273291934556377ab883b4b2a5d4da50bd0dc0a91774ecc234ccd8d0,complete,confirmed,confirmed,confirmed,confirmed,fail,false,size worse by 192110 (370.383%); decompression worse by 133625452.5 (399.688%)
zstd-default,zstd-default,balanced,development,datasets/data/canterbury/kennedy.xls,1029744,111746,243978,33272090.5,871223957,17125502.5,167057864,5339136,20563968,false,false,false,false,0,confirmed,true,true,1,file,development-pilot-v5-pruned,local-x86-64,x86_64,36f84685dc00064dae9a239face7e8eff797ed28,88ed376ce82fbd9301fe2fce71dd0e3a4af5f837450b50b8489d678b19d5fca7,1297748005,gnu-time-v1-monotonic-wall,3b11dec50514a8473e9f6efa7a34d584d0657538c09988f61b72d38ad4991a10,development,dev-canterbury-kennedy-xls,9af47239ca29dfe20e633f80bbbb9a4cc9783d0803d7b2b5626f42e4c3790420,1,mathsvg,balanced-v1,70bb1e0dd999f0b072e68b38dc1ccb8bfc77175771bc5f1175f649a0aafa789e,ab97034b57f903c5b9a509737b12da0980892412e2c38dfe00ba1ff077eabbbf,complete,8afdee0e1fe04f0a9c92a00ebbd438b50004de9dcdf47ce697a89ac0bdae40a5,7c5468b370f7c47eda07281e3437fafc568f95d10420051e3aa522709f9342c5,complete,confirmed,confirmed,confirmed,confirmed,fail,false,size worse by 132232 (118.333%); compression worse by 837951866.5 (2518.48%); decompression worse by 149932361.5 (875.492%); memory worse by 15224832 (285.155%)
gzip-6,gzip-6,balanced,development,datasets/data/silesia/x-ray,8474240,6037788,6801499,569266682,13249500162,166563693,2027668974,2084864,25526272,false,false,false,false,0,confirmed,true,true,1,file,development-pilot-v5-pruned,local-x86-64,x86_64,36f84685dc00064dae9a239face7e8eff797ed28,88ed376ce82fbd9301fe2fce71dd0e3a4af5f837450b50b8489d678b19d5fca7,1297748005,gnu-time-v1-monotonic-wall,3b11dec50514a8473e9f6efa7a34d584d0657538c09988f61b72d38ad4991a10,development,dev-silesia-x-ray,7de9fce1405dc44ae5e6813ed21cd5751e761bd4265655a005d39b9685d1c9ad,1,mathsvg,balanced-v1,70bb1e0dd999f0b072e68b38dc1ccb8bfc77175771bc5f1175f649a0aafa789e,ab97034b57f903c5b9a509737b12da0980892412e2c38dfe00ba1ff077eabbbf,complete,bf920ab8461c6c60c8cc32db3d853f55655e60793cf7f64068847ad56c2b2e67,afea077ce127d4fa9ad410d3066ba2b54dea19c0b44f04adf56c72d5f7b7a9bb,complete,confirmed,confirmed,confirmed,confirmed,fail,false,size worse by 763711 (12.6489%); compression worse by 12680233480 (2227.47%); decompression worse by 1861105281 (1117.35%); memory worse by 23441408 (1124.36%)
lz4,lz4,balanced,development,datasets/data/silesia/x-ray,8474240,8406634,6801499,65769991.5,13249500162,66154722,2027668974,9996288,25526272,true,false,false,false,1,confirmed,true,true,1,file,development-pilot-v5-pruned,local-x86-64,x86_64,36f84685dc00064dae9a239face7e8eff797ed28,88ed376ce82fbd9301fe2fce71dd0e3a4af5f837450b50b8489d678b19d5fca7,1297748005,gnu-time-v1-monotonic-wall,3b11dec50514a8473e9f6efa7a34d584d0657538c09988f61b72d38ad4991a10,development,dev-silesia-x-ray,7de9fce1405dc44ae5e6813ed21cd5751e761bd4265655a005d39b9685d1c9ad,1,mathsvg,balanced-v1,70bb1e0dd999f0b072e68b38dc1ccb8bfc77175771bc5f1175f649a0aafa789e,ab97034b57f903c5b9a509737b12da0980892412e2c38dfe00ba1ff077eabbbf,complete,56c1b7390551d55bb056da7122b41ac3f7e4459570e4627ac278f7c91d669491,87c0d5d060fd36c685b98a38611b7bd6c4614d40b36d29be84edcd6c173f8160,complete,confirmed,confirmed,confirmed,confirmed,fail,false,compression worse by 13183730170.5 (20045.2%); decompression worse by 1961514252 (2965.04%); memory worse by 15529984 (155.358%)
xz-9e,xz-9e,balanced,development,datasets/data/silesia/x-ray,8474240,4491264,6801499,6652042601,13249500162,517774770.5,2027668974,146055168,25526272,false,false,false,true,1,confirmed,true,true,1,file,development-pilot-v5-pruned,local-x86-64,x86_64,36f84685dc00064dae9a239face7e8eff797ed28,88ed376ce82fbd9301fe2fce71dd0e3a4af5f837450b50b8489d678b19d5fca7,1297748005,gnu-time-v1-monotonic-wall,3b11dec50514a8473e9f6efa7a34d584d0657538c09988f61b72d38ad4991a10,development,dev-silesia-x-ray,7de9fce1405dc44ae5e6813ed21cd5751e761bd4265655a005d39b9685d1c9ad,1,mathsvg,balanced-v1,70bb1e0dd999f0b072e68b38dc1ccb8bfc77175771bc5f1175f649a0aafa789e,ab97034b57f903c5b9a509737b12da0980892412e2c38dfe00ba1ff077eabbbf,complete,1bd3a8a1a914bf55087f30b641adcacaac8d04f2cc5a9c21f3668bf2f6727da6,b5b163eb273291934556377ab883b4b2a5d4da50bd0dc0a91774ecc234ccd8d0,complete,confirmed,confirmed,confirmed,confirmed,fail,false,size worse by 2310235 (51.4384%); compression worse by 6597457561 (99.1794%); decompression worse by 1509894203.5 (291.612%)
zstd-default,zstd-default,balanced,development,datasets/data/silesia/x-ray,8474240,6086279,6801499,216236782,13249500162,66491450,2027668974,19281920,25526272,false,false,false,false,0,confirmed,true,true,1,file,development-pilot-v5-pruned,local-x86-64,x86_64,36f84685dc00064dae9a239face7e8eff797ed28,88ed376ce82fbd9301fe2fce71dd0e3a4af5f837450b50b8489d678b19d5fca7,1297748005,gnu-time-v1-monotonic-wall,3b11dec50514a8473e9f6efa7a34d584d0657538c09988f61b72d38ad4991a10,development,dev-silesia-x-ray,7de9fce1405dc44ae5e6813ed21cd5751e761bd4265655a005d39b9685d1c9ad,1,mathsvg,balanced-v1,70bb1e0dd999f0b072e68b38dc1ccb8bfc77175771bc5f1175f649a0aafa789e,ab97034b57f903c5b9a509737b12da0980892412e2c38dfe00ba1ff077eabbbf,complete,8afdee0e1fe04f0a9c92a00ebbd438b50004de9dcdf47ce697a89ac0bdae40a5,7c5468b370f7c47eda07281e3437fafc568f95d10420051e3aa522709f9342c5,complete,confirmed,confirmed,confirmed,confirmed,fail,false,size worse by 715220 (11.7514%); compression worse by 13033263380 (6027.31%); decompression worse by 1961177524 (2949.52%); memory worse by 6244352 (32.3845%)
gzip-6,gzip-6,balanced,development,datasets/synthetic/constant_00/s0000065536_n000p000_seed1297748005.bin,65536,96,485,8981030,34480561.5,8824356.5,8911261,1691648,4554752,false,false,false,false,0,inconclusive,true,true,1,file,development-pilot-v5-pruned,local-x86-64,x86_64,36f84685dc00064dae9a239face7e8eff797ed28,88ed376ce82fbd9301fe2fce71dd0e3a4af5f837450b50b8489d678b19d5fca7,1297748005,gnu-time-v1-monotonic-wall,3b11dec50514a8473e9f6efa7a34d584d0657538c09988f61b72d38ad4991a10,development,dev-synthetic-constant-00,de2f256064a0af797747c2b97505dc0b9f3df0de4f489eac731c23ae9ca9cc31,1,mathsvg,balanced-v1,70bb1e0dd999f0b072e68b38dc1ccb8bfc77175771bc5f1175f649a0aafa789e,ab97034b57f903c5b9a509737b12da0980892412e2c38dfe00ba1ff077eabbbf,complete,bf920ab8461c6c60c8cc32db3d853f55655e60793cf7f64068847ad56c2b2e67,afea077ce127d4fa9ad410d3066ba2b54dea19c0b44f04adf56c72d5f7b7a9bb,complete,confirmed,confirmed,inconclusive,confirmed,inconclusive,false,size worse by 389 (405.208%); compression worse by 25499531.5 (283.927%); decompression confidence is inconclusive; decompression point estimate worse by 86904.5 (0.984825%); memory worse by 2863104 (169.249%)
lz4,lz4,balanced,development,datasets/synthetic/constant_00/s0000065536_n000p000_seed1297748005.bin,65536,286,485,8980315.5,34480561.5,7881336.5,8911261,1740800,4554752,false,false,false,false,0,inconclusive,true,true,1,file,development-pilot-v5-pruned,local-x86-64,x86_64,36f84685dc00064dae9a239face7e8eff797ed28,88ed376ce82fbd9301fe2fce71dd0e3a4af5f837450b50b8489d678b19d5fca7,1297748005,gnu-time-v1-monotonic-wall,3b11dec50514a8473e9f6efa7a34d584d0657538c09988f61b72d38ad4991a10,development,dev-synthetic-constant-00,de2f256064a0af797747c2b97505dc0b9f3df0de4f489eac731c23ae9ca9cc31,1,mathsvg,balanced-v1,70bb1e0dd999f0b072e68b38dc1ccb8bfc77175771bc5f1175f649a0aafa789e,ab97034b57f903c5b9a509737b12da0980892412e2c38dfe00ba1ff077eabbbf,complete,56c1b7390551d55bb056da7122b41ac3f7e4459570e4627ac278f7c91d669491,87c0d5d060fd36c685b98a38611b7bd6c4614d40b36d29be84edcd6c173f8160,complete,confirmed,confirmed,inconclusive,confirmed,inconclusive,false,size worse by 199 (69.5804%); compression worse by 25500246 (283.957%); decompression confidence is inconclusive; decompression point estimate worse by 1029924.5 (13.0679%); memory worse by 2813952 (161.647%)
xz-9e,xz-9e,balanced,development,datasets/synthetic/constant_00/s0000065536_n000p000_seed1297748005.bin,65536,140,485,16906490,34480561.5,8949893.5,8911261,2795520,4554752,false,false,true,false,1,inconclusive,true,true,1,file,development-pilot-v5-pruned,local-x86-64,x86_64,36f84685dc00064dae9a239face7e8eff797ed28,88ed376ce82fbd9301fe2fce71dd0e3a4af5f837450b50b8489d678b19d5fca7,1297748005,gnu-time-v1-monotonic-wall,3b11dec50514a8473e9f6efa7a34d584d0657538c09988f61b72d38ad4991a10,development,dev-synthetic-constant-00,de2f256064a0af797747c2b97505dc0b9f3df0de4f489eac731c23ae9ca9cc31,1,mathsvg,balanced-v1,70bb1e0dd999f0b072e68b38dc1ccb8bfc77175771bc5f1175f649a0aafa789e,ab97034b57f903c5b9a509737b12da0980892412e2c38dfe00ba1ff077eabbbf,complete,1bd3a8a1a914bf55087f30b641adcacaac8d04f2cc5a9c21f3668bf2f6727da6,b5b163eb273291934556377ab883b4b2a5d4da50bd0dc0a91774ecc234ccd8d0,complete,confirmed,confirmed,inconclusive,confirmed,inconclusive,false,size worse by 345 (246.429%); compression worse by 17574071.5 (103.949%); decompression confidence is inconclusive; memory worse by 1759232 (62.9304%)
zstd-default,zstd-default,balanced,development,datasets/synthetic/constant_00/s0000065536_n000p000_seed1297748005.bin,65536,24,485,8870572.5,34480561.5,9277106,8911261,2971648,4554752,false,false,true,false,1,inconclusive,true,true,1,file,development-pilot-v5-pruned,local-x86-64,x86_64,36f84685dc00064dae9a239face7e8eff797ed28,88ed376ce82fbd9301fe2fce71dd0e3a4af5f837450b50b8489d678b19d5fca7,1297748005,gnu-time-v1-monotonic-wall,3b11dec50514a8473e9f6efa7a34d584d0657538c09988f61b72d38ad4991a10,development,dev-synthetic-constant-00,de2f256064a0af797747c2b97505dc0b9f3df0de4f489eac731c23ae9ca9cc31,1,mathsvg,balanced-v1,70bb1e0dd999f0b072e68b38dc1ccb8bfc77175771bc5f1175f649a0aafa789e,ab97034b57f903c5b9a509737b12da0980892412e2c38dfe00ba1ff077eabbbf,complete,8afdee0e1fe04f0a9c92a00ebbd438b50004de9dcdf47ce697a89ac0bdae40a5,7c5468b370f7c47eda07281e3437fafc568f95d10420051e3aa522709f9342c5,complete,confirmed,confirmed,inconclusive,confirmed,inconclusive,false,size worse by 461 (1920.83%); compression worse by 25609989 (288.707%); decompression confidence is inconclusive; memory worse by 1583104 (53.2736%)
gzip-6,gzip-6,balanced,development,datasets/synthetic/lfsr8/s0000065536_n000p000_seed1297748005.bin,65536,598,753,9096837,33401704.5,8907751,9447757.5,1691648,4552704,false,false,false,false,0,inconclusive,true,true,1,file,development-pilot-v5-pruned,local-x86-64,x86_64,36f84685dc00064dae9a239face7e8eff797ed28,88ed376ce82fbd9301fe2fce71dd0e3a4af5f837450b50b8489d678b19d5fca7,1297748005,gnu-time-v1-monotonic-wall,3b11dec50514a8473e9f6efa7a34d584d0657538c09988f61b72d38ad4991a10,development,dev-synthetic-lfsr8,c22f599374ecb687cb2737130592553d274b26414a1c37bb1d36a02a3e7cdb64,1,mathsvg,balanced-v1,70bb1e0dd999f0b072e68b38dc1ccb8bfc77175771bc5f1175f649a0aafa789e,ab97034b57f903c5b9a509737b12da0980892412e2c38dfe00ba1ff077eabbbf,complete,bf920ab8461c6c60c8cc32db3d853f55655e60793cf7f64068847ad56c2b2e67,afea077ce127d4fa9ad410d3066ba2b54dea19c0b44f04adf56c72d5f7b7a9bb,complete,confirmed,confirmed,inconclusive,confirmed,inconclusive,false,size worse by 155 (25.9197%); compression worse by 24304867.5 (267.179%); decompression confidence is inconclusive; decompression point estimate worse by 540006.5 (6.06221%); memory worse by 2861056 (169.128%)
lz4,lz4,balanced,development,datasets/synthetic/lfsr8/s0000065536_n000p000_seed1297748005.bin,65536,540,753,9020310.5,33401704.5,8917157,9447757.5,1740800,4552704,false,false,false,false,0,inconclusive,true,true,1,file,development-pilot-v5-pruned,local-x86-64,x86_64,36f84685dc00064dae9a239face7e8eff797ed28,88ed376ce82fbd9301fe2fce71dd0e3a4af5f837450b50b8489d678b19d5fca7,1297748005,gnu-time-v1-monotonic-wall,3b11dec50514a8473e9f6efa7a34d584d0657538c09988f61b72d38ad4991a10,development,dev-synthetic-lfsr8,c22f599374ecb687cb2737130592553d274b26414a1c37bb1d36a02a3e7cdb64,1,mathsvg,balanced-v1,70bb1e0dd999f0b072e68b38dc1ccb8bfc77175771bc5f1175f649a0aafa789e,ab97034b57f903c5b9a509737b12da0980892412e2c38dfe00ba1ff077eabbbf,complete,56c1b7390551d55bb056da7122b41ac3f7e4459570e4627ac278f7c91d669491,87c0d5d060fd36c685b98a38611b7bd6c4614d40b36d29be84edcd6c173f8160,complete,confirmed,confirmed,inconclusive,confirmed,inconclusive,false,size worse by 213 (39.4444%); compression worse by 24381394 (270.294%); decompression confidence is inconclusive; decompression point estimate worse by 530600.5 (5.95033%); memory worse by 2811904 (161.529%)
xz-9e,xz-9e,balanced,development,datasets/synthetic/lfsr8/s0000065536_n000p000_seed1297748005.bin,65536,412,753,17106453,33401704.5,9008044.5,9447757.5,3981312,4552704,false,false,false,false,0,inconclusive,true,true,1,file,development-pilot-v5-pruned,local-x86-64,x86_64,36f84685dc00064dae9a239face7e8eff797ed28,88ed376ce82fbd9301fe2fce71dd0e3a4af5f837450b50b8489d678b19d5fca7,1297748005,gnu-time-v1-monotonic-wall,3b11dec50514a8473e9f6efa7a34d584d0657538c09988f61b72d38ad4991a10,development,dev-synthetic-lfsr8,c22f599374ecb687cb2737130592553d274b26414a1c37bb1d36a02a3e7cdb64,1,mathsvg,balanced-v1,70bb1e0dd999f0b072e68b38dc1ccb8bfc77175771bc5f1175f649a0aafa789e,ab97034b57f903c5b9a509737b12da0980892412e2c38dfe00ba1ff077eabbbf,complete,1bd3a8a1a914bf55087f30b641adcacaac8d04f2cc5a9c21f3668bf2f6727da6,b5b163eb273291934556377ab883b4b2a5d4da50bd0dc0a91774ecc234ccd8d0,complete,confirmed,confirmed,inconclusive,confirmed,inconclusive,false,size worse by 341 (82.767%); compression worse by 16295251.5 (95.2579%); decompression confidence is inconclusive; decompression point estimate worse by 439713 (4.88134%); memory worse by 571392 (14.3519%)
zstd-default,zstd-default,balanced,development,datasets/synthetic/lfsr8/s0000065536_n000p000_seed1297748005.bin,65536,279,753,10145038.5,33401704.5,8818367.5,9447757.5,2928640,4552704,false,false,false,false,0,inconclusive,true,true,1,file,development-pilot-v5-pruned,local-x86-64,x86_64,36f84685dc00064dae9a239face7e8eff797ed28,88ed376ce82fbd9301fe2fce71dd0e3a4af5f837450b50b8489d678b19d5fca7,1297748005,gnu-time-v1-monotonic-wall,3b11dec50514a8473e9f6efa7a34d584d0657538c09988f61b72d38ad4991a10,development,dev-synthetic-lfsr8,c22f599374ecb687cb2737130592553d274b26414a1c37bb1d36a02a3e7cdb64,1,mathsvg,balanced-v1,70bb1e0dd999f0b072e68b38dc1ccb8bfc77175771bc5f1175f649a0aafa789e,ab97034b57f903c5b9a509737b12da0980892412e2c38dfe00ba1ff077eabbbf,complete,8afdee0e1fe04f0a9c92a00ebbd438b50004de9dcdf47ce697a89ac0bdae40a5,7c5468b370f7c47eda07281e3437fafc568f95d10420051e3aa522709f9342c5,complete,confirmed,confirmed,inconclusive,confirmed,inconclusive,false,size worse by 474 (169.892%); compression worse by 23256666 (229.242%); decompression confidence is inconclusive; decompression point estimate worse by 629390 (7.13726%); memory worse by 1624064 (55.4545%)
gzip-6,gzip-6,balanced,development,datasets/synthetic/linear/s0000065536_n000p000_seed1297748005.bin,65536,597,489,8775085.5,34963608.5,8710515,16977217,1691648,4528128,true,false,false,false,1,confirmed,true,true,1,file,development-pilot-v5-pruned,local-x86-64,x86_64,36f84685dc00064dae9a239face7e8eff797ed28,88ed376ce82fbd9301fe2fce71dd0e3a4af5f837450b50b8489d678b19d5fca7,1297748005,gnu-time-v1-monotonic-wall,3b11dec50514a8473e9f6efa7a34d584d0657538c09988f61b72d38ad4991a10,development,dev-synthetic-linear,35171a3b38d84c658143e78203683076d07beca32140221055c899b2dcf1cbc5,1,mathsvg,balanced-v1,70bb1e0dd999f0b072e68b38dc1ccb8bfc77175771bc5f1175f649a0aafa789e,ab97034b57f903c5b9a509737b12da0980892412e2c38dfe00ba1ff077eabbbf,complete,bf920ab8461c6c60c8cc32db3d853f55655e60793cf7f64068847ad56c2b2e67,afea077ce127d4fa9ad410d3066ba2b54dea19c0b44f04adf56c72d5f7b7a9bb,complete,confirmed,confirmed,confirmed,confirmed,fail,false,compression worse by 26188523 (298.442%); decompression worse by 8266702 (94.9049%); memory worse by 2836480 (167.676%)
lz4,lz4,balanced,development,datasets/synthetic/linear/s0000065536_n000p000_seed1297748005.bin,65536,541,489,8853920,34963608.5,9012743.5,16977217,1740800,4528128,true,false,false,false,1,confirmed,true,true,1,file,development-pilot-v5-pruned,local-x86-64,x86_64,36f84685dc00064dae9a239face7e8eff797ed28,88ed376ce82fbd9301fe2fce71dd0e3a4af5f837450b50b8489d678b19d5fca7,1297748005,gnu-time-v1-monotonic-wall,3b11dec50514a8473e9f6efa7a34d584d0657538c09988f61b72d38ad4991a10,development,dev-synthetic-linear,35171a3b38d84c658143e78203683076d07beca32140221055c899b2dcf1cbc5,1,mathsvg,balanced-v1,70bb1e0dd999f0b072e68b38dc1ccb8bfc77175771bc5f1175f649a0aafa789e,ab97034b57f903c5b9a509737b12da0980892412e2c38dfe00ba1ff077eabbbf,complete,56c1b7390551d55bb056da7122b41ac3f7e4459570e4627ac278f7c91d669491,87c0d5d060fd36c685b98a38611b7bd6c4614d40b36d29be84edcd6c173f8160,complete,confirmed,confirmed,confirmed,confirmed,fail,false,compression worse by 26109688.5 (294.894%); decompression worse by 7964473.5 (88.369%); memory worse by 2787328 (160.118%)
xz-9e,xz-9e,balanced,development,datasets/synthetic/linear/s0000065536_n000p000_seed1297748005.bin,65536,384,489,17030856.5,34963608.5,8833612.5,16977217,3850240,4528128,false,false,false,false,0,confirmed,true,true,1,file,development-pilot-v5-pruned,local-x86-64,x86_64,36f84685dc00064dae9a239face7e8eff797ed28,88ed376ce82fbd9301fe2fce71dd0e3a4af5f837450b50b8489d678b19d5fca7,1297748005,gnu-time-v1-monotonic-wall,3b11dec50514a8473e9f6efa7a34d584d0657538c09988f61b72d38ad4991a10,development,dev-synthetic-linear,35171a3b38d84c658143e78203683076d07beca32140221055c899b2dcf1cbc5,1,mathsvg,balanced-v1,70bb1e0dd999f0b072e68b38dc1ccb8bfc77175771bc5f1175f649a0aafa789e,ab97034b57f903c5b9a509737b12da0980892412e2c38dfe00ba1ff077eabbbf,complete,1bd3a8a1a914bf55087f30b641adcacaac8d04f2cc5a9c21f3668bf2f6727da6,b5b163eb273291934556377ab883b4b2a5d4da50bd0dc0a91774ecc234ccd8d0,complete,confirmed,confirmed,confirmed,confirmed,fail,false,size worse by 105 (27.3438%); compression worse by 17932752 (105.296%); decompression worse by 8143604.5 (92.1888%); memory worse by 677888 (17.6064%)
zstd-default,zstd-default,balanced,development,datasets/synthetic/linear/s0000065536_n000p000_seed1297748005.bin,65536,281,489,8899784.5,34963608.5,8771718,16977217,2928640,4528128,false,false,false,false,0,confirmed,true,true,1,file,development-pilot-v5-pruned,local-x86-64,x86_64,36f84685dc00064dae9a239face7e8eff797ed28,88ed376ce82fbd9301fe2fce71dd0e3a4af5f837450b50b8489d678b19d5fca7,1297748005,gnu-time-v1-monotonic-wall,3b11dec50514a8473e9f6efa7a34d584d0657538c09988f61b72d38ad4991a10,development,dev-synthetic-linear,35171a3b38d84c658143e78203683076d07beca32140221055c899b2dcf1cbc5,1,mathsvg,balanced-v1,70bb1e0dd999f0b072e68b38dc1ccb8bfc77175771bc5f1175f649a0aafa789e,ab97034b57f903c5b9a509737b12da0980892412e2c38dfe00ba1ff077eabbbf,complete,8afdee0e1fe04f0a9c92a00ebbd438b50004de9dcdf47ce697a89ac0bdae40a5,7c5468b370f7c47eda07281e3437fafc568f95d10420051e3aa522709f9342c5,complete,confirmed,confirmed,confirmed,confirmed,fail,false,size worse by 208 (74.0214%); compression worse by 26063824 (292.859%); decompression worse by 8205499 (93.5449%); memory worse by 1599488 (54.6154%)
gzip-6,gzip-6,balanced,development,datasets/synthetic/periodic/s0000065536_n000p000_seed1297748005.bin,65536,139,494,8900566.5,33104572,8673031.5,8986625,1691648,4526080,false,false,false,false,0,inconclusive,true,true,1,file,development-pilot-v5-pruned,local-x86-64,x86_64,36f84685dc00064dae9a239face7e8eff797ed28,88ed376ce82fbd9301fe2fce71dd0e3a4af5f837450b50b8489d678b19d5fca7,1297748005,gnu-time-v1-monotonic-wall,3b11dec50514a8473e9f6efa7a34d584d0657538c09988f61b72d38ad4991a10,development,dev-synthetic-periodic,742efc49d53b0f51b7a9cdc8afdf6fb69b22e359571f016274fae0b527f1d1c8,1,mathsvg,balanced-v1,70bb1e0dd999f0b072e68b38dc1ccb8bfc77175771bc5f1175f649a0aafa789e,ab97034b57f903c5b9a509737b12da0980892412e2c38dfe00ba1ff077eabbbf,complete,bf920ab8461c6c60c8cc32db3d853f55655e60793cf7f64068847ad56c2b2e67,afea077ce127d4fa9ad410d3066ba2b54dea19c0b44f04adf56c72d5f7b7a9bb,complete,confirmed,confirmed,inconclusive,confirmed,inconclusive,false,size worse by 355 (255.396%); compression worse by 24204005.5 (271.938%); decompression confidence is inconclusive; decompression point estimate worse by 313593.5 (3.61573%); memory worse by 2834432 (167.554%)
lz4,lz4,balanced,development,datasets/synthetic/periodic/s0000065536_n000p000_seed1297748005.bin,65536,292,494,8890456.5,33104572,8938397.5,8986625,1740800,4526080,false,false,false,false,0,inconclusive,true,true,1,file,development-pilot-v5-pruned,local-x86-64,x86_64,36f84685dc00064dae9a239face7e8eff797ed28,88ed376ce82fbd9301fe2fce71dd0e3a4af5f837450b50b8489d678b19d5fca7,1297748005,gnu-time-v1-monotonic-wall,3b11dec50514a8473e9f6efa7a34d584d0657538c09988f61b72d38ad4991a10,development,dev-synthetic-periodic,742efc49d53b0f51b7a9cdc8afdf6fb69b22e359571f016274fae0b527f1d1c8,1,mathsvg,balanced-v1,70bb1e0dd999f0b072e68b38dc1ccb8bfc77175771bc5f1175f649a0aafa789e,ab97034b57f903c5b9a509737b12da0980892412e2c38dfe00ba1ff077eabbbf,complete,56c1b7390551d55bb056da7122b41ac3f7e4459570e4627ac278f7c91d669491,87c0d5d060fd36c685b98a38611b7bd6c4614d40b36d29be84edcd6c173f8160,complete,confirmed,confirmed,inconclusive,confirmed,inconclusive,false,size worse by 202 (69.1781%); compression worse by 24214115.5 (272.361%); decompression confidence is inconclusive; decompression point estimate worse by 48227.5 (0.539554%); memory worse by 2785280 (160%)
xz-9e,xz-9e,balanced,development,datasets/synthetic/periodic/s0000065536_n000p000_seed1297748005.bin,65536,148,494,16901143.5,33104572,8836571.5,8986625,2801664,4526080,false,false,false,false,0,inconclusive,true,true,1,file,development-pilot-v5-pruned,local-x86-64,x86_64,36f84685dc00064dae9a239face7e8eff797ed28,88ed376ce82fbd9301fe2fce71dd0e3a4af5f837450b50b8489d678b19d5fca7,1297748005,gnu-time-v1-monotonic-wall,3b11dec50514a8473e9f6efa7a34d584d0657538c09988f61b72d38ad4991a10,development,dev-synthetic-periodic,742efc49d53b0f51b7a9cdc8afdf6fb69b22e359571f016274fae0b527f1d1c8,1,mathsvg,balanced-v1,70bb1e0dd999f0b072e68b38dc1ccb8bfc77175771bc5f1175f649a0aafa789e,ab97034b57f903c5b9a509737b12da0980892412e2c38dfe00ba1ff077eabbbf,complete,1bd3a8a1a914bf55087f30b641adcacaac8d04f2cc5a9c21f3668bf2f6727da6,b5b163eb273291934556377ab883b4b2a5d4da50bd0dc0a91774ecc234ccd8d0,complete,confirmed,confirmed,inconclusive,confirmed,inconclusive,false,size worse by 346 (233.784%); compression worse by 16203428.5 (95.8718%); decompression confidence is inconclusive; decompression point estimate worse by 150053.5 (1.6981%); memory worse by 1724416 (61.5497%)
zstd-default,zstd-default,balanced,development,datasets/synthetic/periodic/s0000065536_n000p000_seed1297748005.bin,65536,29,494,8868964,33104572,8899119,8986625,2928640,4526080,false,false,false,false,0,inconclusive,true,true,1,file,development-pilot-v5-pruned,local-x86-64,x86_64,36f84685dc00064dae9a239face7e8eff797ed28,88ed376ce82fbd9301fe2fce71dd0e3a4af5f837450b50b8489d678b19d5fca7,1297748005,gnu-time-v1-monotonic-wall,3b11dec50514a8473e9f6efa7a34d584d0657538c09988f61b72d38ad4991a10,development,dev-synthetic-periodic,742efc49d53b0f51b7a9cdc8afdf6fb69b22e359571f016274fae0b527f1d1c8,1,mathsvg,balanced-v1,70bb1e0dd999f0b072e68b38dc1ccb8bfc77175771bc5f1175f649a0aafa789e,ab97034b57f903c5b9a509737b12da0980892412e2c38dfe00ba1ff077eabbbf,complete,8afdee0e1fe04f0a9c92a00ebbd438b50004de9dcdf47ce697a89ac0bdae40a5,7c5468b370f7c47eda07281e3437fafc568f95d10420051e3aa522709f9342c5,complete,confirmed,confirmed,inconclusive,confirmed,inconclusive,false,size worse by 465 (1603.45%); compression worse by 24235608 (273.263%); decompression confidence is inconclusive; decompression point estimate worse by 87506 (0.983311%); memory worse by 1597440 (54.5455%)
gzip-6,gzip-6,balanced,development,datasets/synthetic/piecewise_mixed/s0000065536_n000p000_seed1297748005.bin,65536,12684,13203,8884529,34268631,8754773,11009095.5,1691648,4567040,false,false,false,false,0,confirmed,true,true,1,file,development-pilot-v5-pruned,local-x86-64,x86_64,36f84685dc00064dae9a239face7e8eff797ed28,88ed376ce82fbd9301fe2fce71dd0e3a4af5f837450b50b8489d678b19d5fca7,1297748005,gnu-time-v1-monotonic-wall,3b11dec50514a8473e9f6efa7a34d584d0657538c09988f61b72d38ad4991a10,development,dev-synthetic-piecewise-mixed,38b3dc136b580000e98f02e075e2afc2aaa55e824df172b419522b9d70abe9ea,1,mathsvg,balanced-v1,70bb1e0dd999f0b072e68b38dc1ccb8bfc77175771bc5f1175f649a0aafa789e,ab97034b57f903c5b9a509737b12da0980892412e2c38dfe00ba1ff077eabbbf,complete,bf920ab8461c6c60c8cc32db3d853f55655e60793cf7f64068847ad56c2b2e67,afea077ce127d4fa9ad410d3066ba2b54dea19c0b44f04adf56c72d5f7b7a9bb,complete,confirmed,confirmed,confirmed,confirmed,fail,false,size worse by 519 (4.09177%); compression worse by 25384102 (285.711%); decompression worse by 2254322.5 (25.7496%); memory worse by 2875392 (169.976%)
lz4,lz4,balanced,development,datasets/synthetic/piecewise_mixed/s0000065536_n000p000_seed1297748005.bin,65536,13134,13203,8933794.5,34268631,8824119.5,11009095.5,1740800,4567040,false,false,false,false,0,confirmed,true,true,1,file,development-pilot-v5-pruned,local-x86-64,x86_64,36f84685dc00064dae9a239face7e8eff797ed28,88ed376ce82fbd9301fe2fce71dd0e3a4af5f837450b50b8489d678b19d5fca7,1297748005,gnu-time-v1-monotonic-wall,3b11dec50514a8473e9f6efa7a34d584d0657538c09988f61b72d38ad4991a10,development,dev-synthetic-piecewise-mixed,38b3dc136b580000e98f02e075e2afc2aaa55e824df172b419522b9d70abe9ea,1,mathsvg,balanced-v1,70bb1e0dd999f0b072e68b38dc1ccb8bfc77175771bc5f1175f649a0aafa789e,ab97034b57f903c5b9a509737b12da0980892412e2c38dfe00ba1ff077eabbbf,complete,56c1b7390551d55bb056da7122b41ac3f7e4459570e4627ac278f7c91d669491,87c0d5d060fd36c685b98a38611b7bd6c4614d40b36d29be84edcd6c173f8160,complete,confirmed,confirmed,confirmed,confirmed,fail,false,size worse by 69 (0.525354%); compression worse by 25334836.5 (283.584%); decompression worse by 2184976 (24.7614%); memory worse by 2826240 (162.353%)
xz-9e,xz-9e,balanced,development,datasets/synthetic/piecewise_mixed/s0000065536_n000p000_seed1297748005.bin,65536,12424,13203,166119378.5,34268631,9188847.5,11009095.5,38451200,4567040,false,true,false,true,2,inconclusive,true,true,1,file,development-pilot-v5-pruned,local-x86-64,x86_64,36f84685dc00064dae9a239face7e8eff797ed28,88ed376ce82fbd9301fe2fce71dd0e3a4af5f837450b50b8489d678b19d5fca7,1297748005,gnu-time-v1-monotonic-wall,3b11dec50514a8473e9f6efa7a34d584d0657538c09988f61b72d38ad4991a10,development,dev-synthetic-piecewise-mixed,38b3dc136b580000e98f02e075e2afc2aaa55e824df172b419522b9d70abe9ea,1,mathsvg,balanced-v1,70bb1e0dd999f0b072e68b38dc1ccb8bfc77175771bc5f1175f649a0aafa789e,ab97034b57f903c5b9a509737b12da0980892412e2c38dfe00ba1ff077eabbbf,complete,1bd3a8a1a914bf55087f30b641adcacaac8d04f2cc5a9c21f3668bf2f6727da6,b5b163eb273291934556377ab883b4b2a5d4da50bd0dc0a91774ecc234ccd8d0,complete,confirmed,confirmed,inconclusive,confirmed,inconclusive,false,size worse by 779 (6.27012%); decompression confidence is inconclusive; decompression point estimate worse by 1820248 (19.8093%)
zstd-default,zstd-default,balanced,development,datasets/synthetic/piecewise_mixed/s0000065536_n000p000_seed1297748005.bin,65536,12951,13203,10162701,34268631,8855343,11009095.5,2928640,4567040,false,false,false,false,0,inconclusive,true,true,1,file,development-pilot-v5-pruned,local-x86-64,x86_64,36f84685dc00064dae9a239face7e8eff797ed28,88ed376ce82fbd9301fe2fce71dd0e3a4af5f837450b50b8489d678b19d5fca7,1297748005,gnu-time-v1-monotonic-wall,3b11dec50514a8473e9f6efa7a34d584d0657538c09988f61b72d38ad4991a10,development,dev-synthetic-piecewise-mixed,38b3dc136b580000e98f02e075e2afc2aaa55e824df172b419522b9d70abe9ea,1,mathsvg,balanced-v1,70bb1e0dd999f0b072e68b38dc1ccb8bfc77175771bc5f1175f649a0aafa789e,ab97034b57f903c5b9a509737b12da0980892412e2c38dfe00ba1ff077eabbbf,complete,8afdee0e1fe04f0a9c92a00ebbd438b50004de9dcdf47ce697a89ac0bdae40a5,7c5468b370f7c47eda07281e3437fafc568f95d10420051e3aa522709f9342c5,complete,confirmed,confirmed,inconclusive,confirmed,inconclusive,false,size worse by 252 (1.9458%); compression worse by 24105930 (237.2%); decompression confidence is inconclusive; decompression point estimate worse by 2153752.5 (24.3215%); memory worse by 1638400 (55.9441%)
gzip-6,gzip-6,balanced,development,datasets/synthetic/polynomial_d2/s0000065536_n000p000_seed1297748005.bin,65536,594,754,8825862.5,33178211.5,8781125,9066225.5,1691648,4540416,false,false,false,false,0,inconclusive,true,true,1,file,development-pilot-v5-pruned,local-x86-64,x86_64,36f84685dc00064dae9a239face7e8eff797ed28,88ed376ce82fbd9301fe2fce71dd0e3a4af5f837450b50b8489d678b19d5fca7,1297748005,gnu-time-v1-monotonic-wall,3b11dec50514a8473e9f6efa7a34d584d0657538c09988f61b72d38ad4991a10,development,dev-synthetic-polynomial-d2,84d3c13eee3f79467573fc92d68af063eeeb786852df80299fe4c5e51659f4e3,1,mathsvg,balanced-v1,70bb1e0dd999f0b072e68b38dc1ccb8bfc77175771bc5f1175f649a0aafa789e,ab97034b57f903c5b9a509737b12da0980892412e2c38dfe00ba1ff077eabbbf,complete,bf920ab8461c6c60c8cc32db3d853f55655e60793cf7f64068847ad56c2b2e67,afea077ce127d4fa9ad410d3066ba2b54dea19c0b44f04adf56c72d5f7b7a9bb,complete,confirmed,confirmed,inconclusive,confirmed,inconclusive,false,size worse by 160 (26.936%); compression worse by 24352349 (275.92%); decompression confidence is inconclusive; decompression point estimate worse by 285100.5 (3.24674%); memory worse by 2848768 (168.402%)
lz4,lz4,balanced,development,datasets/synthetic/polynomial_d2/s0000065536_n000p000_seed1297748005.bin,65536,541,754,8796323.5,33178211.5,8952623,9066225.5,1740800,4540416,false,false,false,false,0,inconclusive,true,true,1,file,development-pilot-v5-pruned,local-x86-64,x86_64,36f84685dc00064dae9a239face7e8eff797ed28,88ed376ce82fbd9301fe2fce71dd0e3a4af5f837450b50b8489d678b19d5fca7,1297748005,gnu-time-v1-monotonic-wall,3b11dec50514a8473e9f6efa7a34d584d0657538c09988f61b72d38ad4991a10,development,dev-synthetic-polynomial-d2,84d3c13eee3f79467573fc92d68af063eeeb786852df80299fe4c5e51659f4e3,1,mathsvg,balanced-v1,70bb1e0dd999f0b072e68b38dc1ccb8bfc77175771bc5f1175f649a0aafa789e,ab97034b57f903c5b9a509737b12da0980892412e2c38dfe00ba1ff077eabbbf,complete,56c1b7390551d55bb056da7122b41ac3f7e4459570e4627ac278f7c91d669491,87c0d5d060fd36c685b98a38611b7bd6c4614d40b36d29be84edcd6c173f8160,complete,confirmed,confirmed,inconclusive,confirmed,inconclusive,false,size worse by 213 (39.3715%); compression worse by 24381888 (277.183%); decompression confidence is inconclusive; decompression point estimate worse by 113602.5 (1.26893%); memory worse by 2799616 (160.824%)
xz-9e,xz-9e,balanced,development,datasets/synthetic/polynomial_d2/s0000065536_n000p000_seed1297748005.bin,65536,412,754,17880240,33178211.5,8865379.5,9066225.5,3979264,4540416,false,false,false,false,0,inconclusive,true,true,1,file,development-pilot-v5-pruned,local-x86-64,x86_64,36f84685dc00064dae9a239face7e8eff797ed28,88ed376ce82fbd9301fe2fce71dd0e3a4af5f837450b50b8489d678b19d5fca7,1297748005,gnu-time-v1-monotonic-wall,3b11dec50514a8473e9f6efa7a34d584d0657538c09988f61b72d38ad4991a10,development,dev-synthetic-polynomial-d2,84d3c13eee3f79467573fc92d68af063eeeb786852df80299fe4c5e51659f4e3,1,mathsvg,balanced-v1,70bb1e0dd999f0b072e68b38dc1ccb8bfc77175771bc5f1175f649a0aafa789e,ab97034b57f903c5b9a509737b12da0980892412e2c38dfe00ba1ff077eabbbf,complete,1bd3a8a1a914bf55087f30b641adcacaac8d04f2cc5a9c21f3668bf2f6727da6,b5b163eb273291934556377ab883b4b2a5d4da50bd0dc0a91774ecc234ccd8d0,complete,confirmed,confirmed,inconclusive,confirmed,inconclusive,false,size worse by 342 (83.0097%); compression worse by 15297971.5 (85.558%); decompression confidence is inconclusive; decompression point estimate worse by 200846 (2.26551%); memory worse by 561152 (14.1019%)
zstd-default,zstd-default,balanced,development,datasets/synthetic/polynomial_d2/s0000065536_n000p000_seed1297748005.bin,65536,281,754,8912331.5,33178211.5,8908923.5,9066225.5,2951168,4540416,false,false,false,false,0,inconclusive,true,true,1,file,development-pilot-v5-pruned,local-x86-64,x86_64,36f84685dc00064dae9a239face7e8eff797ed28,88ed376ce82fbd9301fe2fce71dd0e3a4af5f837450b50b8489d678b19d5fca7,1297748005,gnu-time-v1-monotonic-wall,3b11dec50514a8473e9f6efa7a34d584d0657538c09988f61b72d38ad4991a10,development,dev-synthetic-polynomial-d2,84d3c13eee3f79467573fc92d68af063eeeb786852df80299fe4c5e51659f4e3,1,mathsvg,balanced-v1,70bb1e0dd999f0b072e68b38dc1ccb8bfc77175771bc5f1175f649a0aafa789e,ab97034b57f903c5b9a509737b12da0980892412e2c38dfe00ba1ff077eabbbf,complete,8afdee0e1fe04f0a9c92a00ebbd438b50004de9dcdf47ce697a89ac0bdae40a5,7c5468b370f7c47eda07281e3437fafc568f95d10420051e3aa522709f9342c5,complete,confirmed,confirmed,inconclusive,confirmed,inconclusive,false,size worse by 473 (168.327%); compression worse by 24265880 (272.273%); decompression confidence is inconclusive; decompression point estimate worse by 157302 (1.76567%); memory worse by 1589248 (53.8515%)
gzip-6,gzip-6,balanced,development,datasets/synthetic/recurrence/s0000065536_n000p000_seed1297748005.bin,65536,785,882,8901425.5,33147515,9012492.5,9066365,1691648,4579328,false,false,false,false,0,inconclusive,true,true,1,file,development-pilot-v5-pruned,local-x86-64,x86_64,36f84685dc00064dae9a239face7e8eff797ed28,88ed376ce82fbd9301fe2fce71dd0e3a4af5f837450b50b8489d678b19d5fca7,1297748005,gnu-time-v1-monotonic-wall,3b11dec50514a8473e9f6efa7a34d584d0657538c09988f61b72d38ad4991a10,development,dev-synthetic-recurrence,8d5944aabf5526f28b79d4b3841ec21dbd86daac0caa96729fec8838039fdd69,1,mathsvg,balanced-v1,70bb1e0dd999f0b072e68b38dc1ccb8bfc77175771bc5f1175f649a0aafa789e,ab97034b57f903c5b9a509737b12da0980892412e2c38dfe00ba1ff077eabbbf,complete,bf920ab8461c6c60c8cc32db3d853f55655e60793cf7f64068847ad56c2b2e67,afea077ce127d4fa9ad410d3066ba2b54dea19c0b44f04adf56c72d5f7b7a9bb,complete,confirmed,confirmed,inconclusive,confirmed,inconclusive,false,size worse by 97 (12.3567%); compression worse by 24246089.5 (272.384%); decompression confidence is inconclusive; decompression point estimate worse by 53872.5 (0.597754%); memory worse by 2887680 (170.702%)
lz4,lz4,balanced,development,datasets/synthetic/recurrence/s0000065536_n000p000_seed1297748005.bin,65536,670,882,8992325.5,33147515,8846025.5,9066365,1740800,4579328,false,false,false,false,0,inconclusive,true,true,1,file,development-pilot-v5-pruned,local-x86-64,x86_64,36f84685dc00064dae9a239face7e8eff797ed28,88ed376ce82fbd9301fe2fce71dd0e3a4af5f837450b50b8489d678b19d5fca7,1297748005,gnu-time-v1-monotonic-wall,3b11dec50514a8473e9f6efa7a34d584d0657538c09988f61b72d38ad4991a10,development,dev-synthetic-recurrence,8d5944aabf5526f28b79d4b3841ec21dbd86daac0caa96729fec8838039fdd69,1,mathsvg,balanced-v1,70bb1e0dd999f0b072e68b38dc1ccb8bfc77175771bc5f1175f649a0aafa789e,ab97034b57f903c5b9a509737b12da0980892412e2c38dfe00ba1ff077eabbbf,complete,56c1b7390551d55bb056da7122b41ac3f7e4459570e4627ac278f7c91d669491,87c0d5d060fd36c685b98a38611b7bd6c4614d40b36d29be84edcd6c173f8160,complete,confirmed,confirmed,inconclusive,confirmed,inconclusive,false,size worse by 212 (31.6418%); compression worse by 24155189.5 (268.62%); decompression confidence is inconclusive; decompression point estimate worse by 220339.5 (2.49083%); memory worse by 2838528 (163.059%)
xz-9e,xz-9e,balanced,development,datasets/synthetic/recurrence/s0000065536_n000p000_seed1297748005.bin,65536,544,882,17339394,33147515,8750524,9066365,4505600,4579328,false,false,false,false,0,inconclusive,true,true,1,file,development-pilot-v5-pruned,local-x86-64,x86_64,36f84685dc00064dae9a239face7e8eff797ed28,88ed376ce82fbd9301fe2fce71dd0e3a4af5f837450b50b8489d678b19d5fca7,1297748005,gnu-time-v1-monotonic-wall,3b11dec50514a8473e9f6efa7a34d584d0657538c09988f61b72d38ad4991a10,development,dev-synthetic-recurrence,8d5944aabf5526f28b79d4b3841ec21dbd86daac0caa96729fec8838039fdd69,1,mathsvg,balanced-v1,70bb1e0dd999f0b072e68b38dc1ccb8bfc77175771bc5f1175f649a0aafa789e,ab97034b57f903c5b9a509737b12da0980892412e2c38dfe00ba1ff077eabbbf,complete,1bd3a8a1a914bf55087f30b641adcacaac8d04f2cc5a9c21f3668bf2f6727da6,b5b163eb273291934556377ab883b4b2a5d4da50bd0dc0a91774ecc234ccd8d0,complete,confirmed,confirmed,inconclusive,confirmed,inconclusive,false,size worse by 338 (62.1324%); compression worse by 15808121 (91.1688%); decompression confidence is inconclusive; decompression point estimate worse by 315841 (3.6094%); memory worse by 73728 (1.63636%)
zstd-default,zstd-default,balanced,development,datasets/synthetic/recurrence/s0000065536_n000p000_seed1297748005.bin,65536,409,882,9156861,33147515,8839007.5,9066365,2920448,4579328,false,false,false,false,0,inconclusive,true,true,1,file,development-pilot-v5-pruned,local-x86-64,x86_64,36f84685dc00064dae9a239face7e8eff797ed28,88ed376ce82fbd9301fe2fce71dd0e3a4af5f837450b50b8489d678b19d5fca7,1297748005,gnu-time-v1-monotonic-wall,3b11dec50514a8473e9f6efa7a34d584d0657538c09988f61b72d38ad4991a10,development,dev-synthetic-recurrence,8d5944aabf5526f28b79d4b3841ec21dbd86daac0caa96729fec8838039fdd69,1,mathsvg,balanced-v1,70bb1e0dd999f0b072e68b38dc1ccb8bfc77175771bc5f1175f649a0aafa789e,ab97034b57f903c5b9a509737b12da0980892412e2c38dfe00ba1ff077eabbbf,complete,8afdee0e1fe04f0a9c92a00ebbd438b50004de9dcdf47ce697a89ac0bdae40a5,7c5468b370f7c47eda07281e3437fafc568f95d10420051e3aa522709f9342c5,complete,confirmed,confirmed,inconclusive,confirmed,inconclusive,false,size worse by 473 (115.648%); compression worse by 23990654 (261.996%); decompression confidence is inconclusive; decompression point estimate worse by 227357.5 (2.57221%); memory worse by 1658880 (56.8022%)
